,Unit,Sample.Label,Effort,radial,Angle,size,distance,year,Region.Label,Area
1,U8,2007FRE1,34,104,50,1,79.6686220843737,2007,2007,1
2,U8,2007FRE1,34,342,80,2,336.804251530175,2007,2007,1
3,U8,2007FRE1,34,142,75,1,137.161467333048,2007,2007,1
4,U8,2007FRE1,34,266,90,3,266,2007,2007,1
5,U8,2007FRE1,34,230,90,1,230,2007,2007,1
6,U8,2007FRE1,34,406,90,2,406,2007,2007,1
7,U8,2007FRE1,34,88,10,1,15.2810396346899,2007,2007,1
8,U8,2007FRE1,34,64,32,1,33.9148329109251,2007,2007,1
9,U8,2007FRE1,34,146,90,1,146,2007,2007,1
10,U8,2007FRE1,34,164,33,1,89.3208017424644,2007,2007,1
11,U8,2007FRE1,34,126,45,1,89.095454429505,2007,2007,1
12,U8,2007FRE1,34,194,90,1,194,2007,2007,1
13,U8,2007FRE1,34,114,82,1,112.890559836539,2007,2007,1
14,U8,2007FRE1,34,303,42,1,202.746573726734,2007,2007,1
15,U8,2007FRE1,34,464,75,1,448.189583398128,2007,2007,1
16,U8,2007FRE1,34,86,90,1,86,2007,2007,1
17,U8,2007FRE1,34,86,82,1,85.163053911775,2007,2007,1
18,U8,2007FRE1,34,110,90,1,110,2007,2007,1
19,U8,2007FRE1,34,180,45,3,127.279220613579,2007,2007,1
20,U8,2007FRE1,34,174,33,1,94.7671920926147,2007,2007,1
21,U8,2007FRE1,34,206,22,2,77.1689582436779,2007,2007,1
22,U8,2007FRE1,34,100,38,1,61.5661475325658,2007,2007,1
23,U8,2007FRE1,34,366,90,1,366,2007,2007,1
24,U8,2007FRE1,34,256,54,1,207.108350559987,2007,2007,1
25,U8,2007FRE1,34,86,20,1,29.4137323260075,2007,2007,1
26,U8,2007FRE1,34,88,27,2,39.9511639770801,2007,2007,1
27,U8,2007FRE1,34,94,17,1,27.4829402439373,2007,2007,1
28,U8,2007FRE1,34,186,119,2,162.679265527928,2007,2007,1
29,U8,2007FRE1,34,84,70,1,78.9341801460163,2007,2007,1
30,U8,2007FRE1,34,98,45,1,69.2964645562816,2007,2007,1
31,U8,2007FRE1,34,144,89,2,143.97806810252,2007,2007,1
32,U8,2007FRE1,34,56,18,2,17.3049516849971,2007,2007,1
33,U8,2007FRE1,34,134,47,1,98.0013960169688,2007,2007,1
34,U8,2007FRE1,34,154,5,1,13.4219843831394,2007,2007,1
35,U8,2007FRE1,34,132,8,1,18.3708493267286,2007,2007,1
36,U8,2007FRE1,34,172,14,2,41.6105660431428,2007,2007,1
37,U8,2007FRE1,34,126,18,1,38.9361412912434,2007,2007,1
38,U8,2007FRE1,34,35,3,1,1.83175846850303,2007,2007,1
39,U8,2007FRE1,34,182,49,1,137.357143600545,2007,2007,1
40,U8,2007FRE1,34,220,23,2,85.9608482676402,2007,2007,1
41,U8,2007FRE1,34,132,9,2,20.6493493853105,2007,2007,1
42,U8,2007FRE1,34,80,12,1,16.6329352654207,2007,2007,1
43,U8,2007FRE1,34,164,38,1,100.968481953408,2007,2007,1
44,U8,2007FRE1,34,25,90,1,25,2007,2007,1
45,U8,2007FRE1,34,148,14,2,35.8044405487508,2007,2007,1
46,U8,2007FRE1,34,56,90,2,56,2007,2007,1
47,U8,2007FRE1,34,244,44,2,169.496642391995,2007,2007,1
48,U8,2007FRE1,34,280,42,1,187.35656978048,2007,2007,1
49,U8,2007FRE1,34,131,13,2,29.4685881190463,2007,2007,1
50,U8,2007FRE1,34,240,40,2,154.269026324769,2007,2007,1
51,U8,2007FRE1,34,260,61,1,227.401123856243,2007,2007,1
52,U8,2007FRE1,34,144,29,2,69.8125853154725,2007,2007,1
53,U8,2007FRE1,34,174,15,1,45.0345138478386,2007,2007,1
54,U8,2007FRE1,34,186,82,1,184.189860785932,2007,2007,1
55,U8,2007FRE1,34,205,87,1,204.719054624688,2007,2007,1
56,U8,2007FRE1,34,134,25,1,56.6308470732537,2007,2007,1
57,U8,2007FRE1,34,30,18,1,9.27050983124842,2007,2007,1
58,U8,2007FRE1,34,108,38,1,66.4914393351711,2007,2007,1
59,U8,2007FRE1,34,148,47,1,108.240347839637,2007,2007,1
60,U8,2007FRE1,34,214,63,1,190.675396176311,2007,2007,1
61,U8,2007FRW1,26,210,70,3,197.335450365041,2007,2007,1
62,U8,2007FRW1,26,42,90,1,42,2007,2007,1
63,U8,2007FRW1,26,166,90,1,166,2007,2007,1
64,U8,2007FRW1,26,252,90,1,252,2007,2007,1
65,U8,2007FRW1,26,112,90,1,112,2007,2007,1
66,U8,2007FRW1,26,268,73,1,256.289674598093,2007,2007,1
67,U8,2007FRW1,26,24,90,1,24,2007,2007,1
68,U8,2007FRW1,26,55,165,2,14.2350474806387,2007,2007,1
69,U8,2007FRW1,26,146,26,1,64.0021874312053,2007,2007,1
70,U8,2007FRW1,26,220,31,3,113.308376480212,2007,2007,1
71,U8,2007FRW1,26,160,46,2,115.094368054184,2007,2007,1
72,U8,2007FRW1,26,238,90,2,238,2007,2007,1
73,U8,2007FRW1,26,70,41,1,45.9241320293355,2007,2007,1
74,U8,2007FRW1,26,150,60,2,129.903810567666,2007,2007,1
75,U8,2007FRW1,26,162,24,1,65.8913361782796,2007,2007,1
76,U8,2007FRW1,26,88,26,1,38.5766609174388,2007,2007,1
77,U8,2007FRW1,26,222,27,2,100.785890942179,2007,2007,1
78,U8,2007FRW1,26,227,35,1,130.201851051687,2007,2007,1
79,U8,2007FRW1,26,142,80,2,139.842700927734,2007,2007,1
80,U8,2007FRW1,26,177,90,1,177,2007,2007,1
81,U8,2007FRW1,26,141,90,1,141,2007,2007,1
82,U8,2007FRW1,26,251,65,2,227.483254546199,2007,2007,1
83,U8,2007FRW1,26,120,58,3,101.765771538771,2007,2007,1
84,U8,2007FRW1,26,42,10,1,7.29322346201107,2007,2007,1
85,U8,2007FRW1,26,51,90,1,51,2007,2007,1
86,U8,2007FRW1,26,108,25,1,45.6427722679955,2007,2007,1
87,U8,2007FRW1,26,96,90,1,96,2007,2007,1
88,U8,2007FRW1,26,150,80,1,147.721162951831,2007,2007,1
89,U8,2007FRW1,26,83,75,1,80.1718435819927,2007,2007,1
90,U8,2007FRW1,26,174,75,3,168.071093774298,2007,2007,1
91,U8,2007FRW1,26,28,45,1,19.7989898732233,2007,2007,1
92,U8,2007FRW1,26,22,75,1,21.2503681783595,2007,2007,1
93,U8,2007FRW1,26,34,90,1,34,2007,2007,1
94,U8,2007FRW1,26,32,90,2,32,2007,2007,1
95,U8,2008FRE1,34,130,86,1,129.683326533777,2008,2008,1
96,U8,2008FRE1,34,52,65,2,47.1280049259058,2008,2008,1
97,U8,2008FRE1,34,130,59,3,111.431749091275,2008,2008,1
98,U8,2008FRE1,34,144,66,4,131.550545900535,2008,2008,1
99,U8,2008FRE1,34,82,64,3,73.7011117965317,2008,2008,1
100,U8,2008FRE1,34,112,77,1,109.129447255946,2008,2008,1
101,U8,2008FRE1,34,210,62,1,185.418994500375,2008,2008,1
102,U8,2008FRE1,34,170,57,1,142.573996550722,2008,2008,1
103,U8,2008FRE1,34,320,63,2,285.122087740278,2008,2008,1
104,U8,2008FRE1,34,155,8,1,21.5718306488101,2008,2008,1
105,U8,2008FRE1,34,56,86,2,55.8635868145502,2008,2008,1
106,U8,2008FRE1,34,82,13,1,18.4459864561969,2008,2008,1
107,U8,2008FRE1,34,186,4,2,12.9747041164073,2008,2008,1
108,U8,2008FRE1,34,84,41,3,55.1089584352026,2008,2008,1
109,U8,2008FRE1,34,56,32,1,29.6754787970595,2008,2008,1
110,U8,2008FRE1,34,138,90,1,138,2008,2008,1
111,U8,2008FRE1,34,96,69,1,89.6237209437314,2008,2008,1
112,U8,2008FRE1,34,152,82,1,150.520746448719,2008,2008,1
113,U8,2008FRE1,34,288,69,1,268.871162831194,2008,2008,1
114,U8,2008FRE1,34,250,25,1,105.654565435175,2008,2008,1
115,U8,2008FRE1,34,94,60,1,81.4063879557372,2008,2008,1
116,U8,2008FRE1,34,124,40,3,79.7056636011309,2008,2008,1
117,U8,2008FRE1,34,49,90,3,49,2008,2008,1
118,U8,2008FRE1,34,152,13,3,34.1925602602675,2008,2008,1
119,U8,2008FRE1,34,96,73,3,91.8052565724514,2008,2008,1
120,U8,2008FRE1,34,98,89,1,97.9850741253263,2008,2008,1
121,U8,2008FRE1,34,330,40,1,212.119911196558,2008,2008,1
122,U8,2008FRE1,34,300,54,3,242.705098312484,2008,2008,1
123,U8,2008FRE1,34,300,63,1,267.30195725651,2008,2008,1
124,U8,2008FRE1,34,22,50,1,16.8529777486175,2008,2008,1
125,U8,2008FRE1,34,500,90,2,500,2008,2008,1
126,U8,2008FRE1,34,550,66,2,502.45000170343,2008,2008,1
127,U8,2008FRE1,34,242,47,1,176.987595791839,2008,2008,1
128,U8,2008FRE1,34,100,70,1,93.9692620785908,2008,2008,1
129,U8,2008FRE1,34,180,82,3,178.248252373483,2008,2008,1
130,U8,2008FRE1,34,214,46,1,153.938717272471,2008,2008,1
131,U8,2008FRE1,34,206,57,1,172.766136996757,2008,2008,1
132,U8,2008FRE1,34,71,20,2,24.2834301761225,2008,2008,1
133,U8,2008FRE1,34,90,78,1,88.0332840660425,2008,2008,1
134,U8,2008FRE1,34,182,90,2,182,2008,2008,1
135,U8,2008FRE1,34,180,35,1,103.243758543188,2008,2008,1
136,U8,2008FRE1,34,42,30,1,21,2008,2008,1
137,U8,2008FRE1,34,122,90,2,122,2008,2008,1
138,U8,2008FRE1,34,136,70,1,127.798196426884,2008,2008,1
139,U8,2008FRE1,34,192,90,1,192,2008,2008,1
140,U8,2008FRE1,34,264,60,3,228.630706599092,2008,2008,1
141,U8,2008FRE1,34,264,75,3,255.004418140314,2008,2008,1
142,U8,2008FRW1,26,133,57,1,111.543185536741,2008,2008,1
143,U8,2008FRW1,26,42,90,2,42,2008,2008,1
144,U8,2008FRW1,26,107,14,2,25.8856428291644,2008,2008,1
145,U8,2008FRW1,26,38,0,1,0,2008,2008,1
146,U8,2008FRW1,26,194,36,1,114.03033894474,2008,2008,1
147,U8,2008FRW1,26,46,58,1,39.0102124231956,2008,2008,1
148,U8,2008FRW1,26,67,68,2,62.1213182559748,2008,2008,1
149,U8,2008FRW1,26,153,45,1,108.187337521542,2008,2008,1
150,U8,2008FRW1,26,170,72,1,161.679607770176,2008,2008,1
151,U8,2008FRW1,26,78,78,5,76.2955128572368,2008,2008,1
152,U8,2008FRW1,26,154,41,3,101.033090464538,2008,2008,1
153,U8,2008FRW1,26,210,43,2,143.219655613125,2008,2008,1
154,U8,2008FRW1,26,156,32,1,82.66740522038,2008,2008,1
155,U8,2008FRW1,26,106,74,2,101.893739769462,2008,2008,1
156,U8,2008FRW1,26,224,21,2,80.2744206981473,2008,2008,1
157,U8,2008FRW1,26,234,13,3,52.6385467164644,2008,2008,1
158,U8,2008FRW1,26,285,10,4,49.4897306350751,2008,2008,1
159,U8,2008FRW1,26,318,23,1,124.252498859589,2008,2008,1
160,U8,2008FRW1,26,242,36,1,142.244031054779,2008,2008,1
161,U8,2008FRW1,26,92,21,1,32.9698513581676,2008,2008,1
162,U8,2008FRW1,26,280,31,1,144.210660974815,2008,2008,1
163,U8,2008FRW1,26,206,73,1,196.998779728385,2008,2008,1
164,U8,2008FRW1,26,184,78,1,179.97915853502,2008,2008,1
165,U8,2008FRW1,26,210,17,2,61.3980579917747,2008,2008,1
166,U8,2008FRW1,26,248,86,3,247.395884464436,2008,2008,1
167,U8,2008FRW1,26,154,5,1,13.4219843831394,2008,2008,1
168,U8,2008FRW1,26,148,14,1,35.8044405487508,2008,2008,1
169,U8,2008FRW1,26,164,11,2,31.2926752417533,2008,2008,1
170,U8,2008FRW1,26,204,46,1,146.745319269085,2008,2008,1
171,U8,2008FRW1,26,301,32,1,159.505698534195,2008,2008,1
172,U8,2008FRW1,26,342,11,1,65.2566764187783,2008,2008,1
173,U8,2008FRW1,26,22,90,3,22,2008,2008,1
174,U8,2008FRW1,26,198,3,2,10.3625193361029,2008,2008,1
175,U8,2008FRW1,26,192,11,2,36.6353271122966,2008,2008,1
176,U8,2008FRW1,26,118,16,1,32.5252079864059,2008,2008,1
177,U8,2008FRW1,26,260,24,3,105.751527199708,2008,2008,1
178,U8,2008FRW1,26,128,60,1,110.851251684408,2008,2008,1
179,U8,2008FRW1,26,104,54,1,84.1377674149945,2008,2008,1
180,U8,2008FRW1,26,142,86,1,141.654095136895,2008,2008,1
181,U8,2008FRW1,26,78,65,2,70.6920073888587,2008,2008,1
182,U8,2008FRW1,26,138,82,2,136.656993486337,2008,2008,1
183,U8,2008FRW1,26,192,14,2,46.4490039551362,2008,2008,1
184,U8,2008FRW1,26,132,75,3,127.502209070157,2008,2008,1
185,U8,2008FRW1,26,142,3,1,7.43170578649802,2008,2008,1
186,U8,2009FRE1,34,210,87,2,209.712202298461,2009,2009,1
187,U8,2009FRE1,34,182,85,2,181.307435052698,2009,2009,1
188,U8,2009FRE1,34,108,40,1,69.4210618461462,2009,2009,1
189,U8,2009FRE1,34,54,65,2,48.9406204999791,2009,2009,1
190,U8,2009FRE1,34,76,42,1,50.8539260832732,2009,2009,1
191,U8,2009FRE1,34,74,30,1,37,2009,2009,1
192,U8,2009FRE1,34,340,80,2,334.834636024151,2009,2009,1
193,U8,2009FRE1,34,214,20,2,73.1923106716931,2009,2009,1
194,U8,2009FRE1,34,250,24,1,101.68416076895,2009,2009,1
195,U8,2009FRE1,34,72,52,2,56.736774259684,2009,2009,1
196,U8,2009FRE1,34,276,44,2,191.725710246683,2009,2009,1
197,U8,2009FRE1,34,192,70,1,180.420983190894,2009,2009,1
198,U8,2009FRE1,34,152,80,4,149.690778457856,2009,2009,1
199,U8,2009FRE1,34,168,40,2,107.988318427339,2009,2009,1
200,U8,2009FRE1,34,450,47,1,329.109165728627,2009,2009,1
201,U8,2009FRE1,34,252,15,4,65.2223993658352,2009,2009,1
202,U8,2009FRE1,34,102,4,1,7.11516032190078,2009,2009,1
203,U8,2009FRE1,34,510,90,1,510,2009,2009,1
204,U8,2009FRE1,34,136,9,1,21.2750872454714,2009,2009,1
205,U8,2009FRE1,34,120,83,2,119.105538196959,2009,2009,1
206,U8,2009FRE1,34,130,78,3,127.159188095395,2009,2009,1
207,U8,2009FRE1,34,505,54,2,408.553582159348,2009,2009,1
208,U8,2009FRE1,34,150,51,1,116.571894218546,2009,2009,1
209,U8,2009FRE1,34,102,1,1,1.78014545660292,2009,2009,1
210,U8,2009FRE1,34,80,72,1,76.0845213036123,2009,2009,1
211,U8,2009FRE1,34,102,66,3,93.1816366795453,2009,2009,1
212,U8,2009FRE1,34,182,83,1,180.643399598721,2009,2009,1
213,U8,2009FRE1,34,142,59,1,121.7177566997,2009,2009,1
214,U8,2009FRE1,34,250,58,1,212.012024039106,2009,2009,1
215,U8,2009FRE1,34,224,23,1,87.5237727815973,2009,2009,1
216,U8,2009FRE1,34,146,90,1,146,2009,2009,1
217,U8,2009FRE1,34,170,63,2,151.471109112023,2009,2009,1
218,U8,2009FRE1,34,178,70,2,167.265286499892,2009,2009,1
219,U8,2009FRE1,34,342,32,1,181.232388367756,2009,2009,1
220,U8,2009FRE1,34,72,50,1,55.1551999045664,2009,2009,1
221,U8,2009FRE1,34,120,79,2,117.79526201372,2009,2009,1
222,U8,2009FRE1,34,343,50,5,262.753243989809,2009,2009,1
223,U8,2009FRE1,34,214,60,1,185.32943640987,2009,2009,1
224,U8,2009FRE1,34,192,70,3,180.420983190894,2009,2009,1
225,U8,2009FRE1,34,54,71,1,51.0580030823631,2009,2009,1
226,U8,2009FRE1,34,196,60,1,169.74097914175,2009,2009,1
227,U8,2009FRE1,34,298,60,3,258.075570327763,2009,2009,1
228,U8,2009FRE1,34,67,35,1,38.4296212355201,2009,2009,1
229,U8,2009FRE1,34,103,44,1,71.5498121572767,2009,2009,1
230,U8,2009FRE1,34,46,40,3,29.5682300455808,2009,2009,1
231,U8,2009FRE1,34,80,90,1,80,2009,2009,1
232,U8,2009FRE1,34,34,40,2,21.8547787293423,2009,2009,1
233,U8,2009FRE1,34,70,5,1,6.10090199233607,2009,2009,1
234,U8,2009FRE1,34,194,84,1,192.937247701445,2009,2009,1
235,U8,2009FRE1,34,232,90,1,232,2009,2009,1
236,U8,2009FRE1,34,120,5,1,10.458689129719,2009,2009,1
237,U8,2009FRE1,34,214,90,2,214,2009,2009,1
238,U8,2009FREW1,26,68,17,4,19.8812759211461,2009,2009,1
239,U8,2009FREW1,26,26,60,1,22.5166604983954,2009,2009,1
240,U8,2009FREW1,26,86,57,2,72.1256688433065,2009,2009,1
241,U8,2009FREW1,26,214,78,2,209.323586557034,2009,2009,1
242,U8,2009FREW1,26,236,31,3,121.548985678773,2009,2009,1
243,U8,2009FREW1,26,198,8,1,27.556273990093,2009,2009,1
244,U8,2009FREW1,26,46,66,3,42.0230910515596,2009,2009,1
245,U8,2009FREW1,26,42,81,1,41.4829103049958,2009,2009,1
246,U8,2009FREW1,26,172,37,1,103.512183982152,2009,2009,1
247,U8,2009FREW1,26,128,71,1,121.026377676713,2009,2009,1
248,U8,2009FREW1,26,150,5,1,13.0733614121487,2009,2009,1
249,U8,2009FREW1,26,134,49,1,101.131083749851,2009,2009,1
250,U8,2009FREW1,26,142,84,1,141.222109142295,2009,2009,1
251,U8,2009FREW1,26,162,40,1,104.131592769219,2009,2009,1
252,U8,2009FREW1,26,170,26,1,74.5230949541432,2009,2009,1
253,U8,2009FREW1,26,30,68,1,27.8155156370036,2009,2009,1
254,U8,2009FREW1,26,116,52,1,91.4092474183797,2009,2009,1
255,U8,2009FREW1,26,140,78,2,136.940664102733,2009,2009,1
256,U8,2009FREW1,26,102,59,1,87.4310646716154,2009,2009,1
257,U8,2009FREW1,26,78,73,2,74.5917709651168,2009,2009,1
258,U8,2009FREW1,26,198,61,4,173.1747020136,2009,2009,1
259,U8,2009FREW1,26,112,50,1,85.7969776293255,2009,2009,1
260,U8,2009FREW1,26,102,25,1,43.1070626975513,2009,2009,1
261,U8,2009FREW1,26,120,69,1,112.029651179664,2009,2009,1
262,U8,2009FREW1,26,86,40,1,55.2797344330424,2009,2009,1
263,U8,2009FREW1,26,186,55,4,152.362280237752,2009,2009,1
264,U8,2009FREW1,26,166,40,1,106.702743207966,2009,2009,1
265,U8,2009FREW1,26,180,49,1,135.847724440099,2009,2009,1
266,U8,2009FREW1,26,150,39,4,94.3980586574756,2009,2009,1
267,U8,2009FREW1,26,38,90,1,38,2009,2009,1
268,U8,2009FREW1,26,50,28,1,23.4735781392945,2009,2009,1
269,U8,2009FREW1,26,190,90,2,190,2009,2009,1
270,U8,2009FREW1,26,180,64,1,161.78292833385,2009,2009,1
271,U8,2009FREW1,26,40,40,1,25.7115043874616,2009,2009,1
272,U8,2009FREW1,26,116,6,3,12.1253017390478,2009,2009,1
273,U8,2009FREW1,26,104,15,2,26.9171806906622,2009,2009,1
274,U8,2010FRE1,34,282,83,4,279.898014762853,2010,2010,1
275,U8,2010FRE1,34,480,70,2,451.052457977236,2010,2010,1
276,U8,2010FRE1,34,89,42,3,59.5526239659384,2010,2010,1
277,U8,2010FRE1,34,220,33,3,119.820587703306,2010,2010,1
278,U8,2010FRE1,34,240,74,2,230.702807025197,2010,2010,1
279,U8,2010FRE1,34,52,33,1,28.3212298207814,2010,2010,1
280,U8,2010FRE1,34,235,40,2,151.055088276337,2010,2010,1
281,U8,2010FRE1,34,184,38,2,113.281711459921,2010,2010,1
282,U8,2010FRE1,34,144,78,2,140.853254505668,2010,2010,1
283,U8,2010FRE1,34,76,85,2,75.7107970549727,2010,2010,1
284,U8,2010FRE1,34,36,65,2,32.6270803333194,2010,2010,1
285,U8,2010FRE1,34,40,45,2,28.2842712474619,2010,2010,1
286,U8,2010FRE1,34,65,25,1,27.4701870131455,2010,2010,1
287,U8,2010FRE1,34,172,85,1,171.34548807178,2010,2010,1
288,U8,2010FRE1,34,114,87,2,113.843766962021,2010,2010,1
289,U8,2010FRE1,34,113,70,1,106.185266148808,2010,2010,1
290,U8,2010FRE1,34,86,30,1,43,2010,2010,1
291,U8,2010FRE1,34,206,42,1,137.840904909925,2010,2010,1
292,U8,2010FRE1,34,102,35,2,58.5047965078067,2010,2010,1
293,U8,2010FRE1,34,108,70,1,101.486803044878,2010,2010,1
294,U8,2010FRE1,34,106,22,3,39.7082989020867,2010,2010,1
295,U8,2010FRE1,34,72,90,1,72,2010,2010,1
296,U8,2010FRE1,34,102,36,1,59.9540957338323,2010,2010,1
297,U8,2010FRE1,34,210,65,2,190.324635277696,2010,2010,1
298,U8,2010FRE1,34,102,25,1,43.1070626975513,2010,2010,1
299,U8,2010FRE1,34,65,30,2,32.5,2010,2010,1
300,U8,2010FRE1,34,104,40,2,66.8499114074001,2010,2010,1
301,U8,2010FRE1,34,87,60,1,75.3442101292462,2010,2010,1
302,U8,2010FRE1,34,34,90,2,34,2010,2010,1
303,U8,2010FRE1,34,158,68,1,146.495049021552,2010,2010,1
304,U8,2010FRE1,34,44,65,1,39.8775426296126,2010,2010,1
305,U8,2010FRE1,34,300,43,3,204.59950801875,2010,2010,1
306,U8,2010FRE1,34,140,40,3,89.9902653561155,2010,2010,1
307,U8,2010FRE1,34,108,42,2,72.2661054867567,2010,2010,1
308,U8,2010FRE1,34,66,83,1,65.5080460083273,2010,2010,1
309,U8,2010FRE1,34,165,57,1,138.380643710995,2010,2010,1
310,U8,2010FRE1,34,120,25,2,50.7141914088839,2010,2010,1
311,U8,2010FRE1,34,138,90,1,138,2010,2010,1
312,U8,2010FRE1,34,166,33,1,90.4100798124945,2010,2010,1
313,U8,2010FRE1,34,214,80,1,210.748859144613,2010,2010,1
314,U8,2010FRE1,34,28,0,1,0,2010,2010,1
315,U8,2010FRE1,34,120,12,1,24.9494028981311,2010,2010,1
316,U8,2010FRE1,34,179,55,3,146.62821592773,2010,2010,1
317,U8,2010FRE1,34,104,24,1,42.3006108798832,2010,2010,1
318,U8,2010FRE1,34,58,60,2,50.2294734194974,2010,2010,1
319,U8,2010FRE1,34,192,38,2,118.207003262526,2010,2010,1
320,U8,2010FRE1,34,70,90,1,70,2010,2010,1
321,U8,2010FRE1,34,40,72,2,38.0422606518061,2010,2010,1
322,U8,2010FRE1,34,86,25,2,36.3451705097002,2010,2010,1
323,U8,2010FRE1,34,74,42,1,49.5156648705555,2010,2010,1
324,U8,2010FRE1,34,193,50,2,147.846577521963,2010,2010,1
325,U8,2010FRE1,34,203,38,2,124.979279491109,2010,2010,1
326,U8,2010FRE1,34,64,70,1,60.1403277302981,2010,2010,1
327,U8,2010FRW1,26,25,90,1,25,2010,2010,1
328,U8,2010FRW1,26,107,80,1,105.374429572306,2010,2010,1
329,U8,2010FRW1,26,88,30,1,44,2010,2010,1
330,U8,2010FRW1,26,59,90,1,59,2010,2010,1
331,U8,2010FRW1,26,88,90,2,88,2010,2010,1
332,U8,2010FRW1,26,139,90,3,139,2010,2010,1
333,U8,2010FRW1,26,27,60,1,23.3826859021798,2010,2010,1
334,U8,2010FRW1,26,43,80,1,42.3467333795249,2010,2010,1
335,U8,2010FRW1,26,105,70,2,98.6677251825204,2010,2010,1
336,U8,2010FRW1,26,135,82,1,133.686189280112,2010,2010,1
337,U8,2010FRW1,26,140,45,1,98.9949493661166,2010,2010,1
338,U8,2010FRW1,26,26,88,1,25.9841615024965,2010,2010,1
339,U8,2010FRW1,26,37,90,3,37,2010,2010,1
340,U8,2010FRW1,26,58,90,2,58,2010,2010,1
341,U8,2010FRW1,26,29,90,3,29,2010,2010,1
342,U8,2010FRW1,26,148,80,2,145.751547445807,2010,2010,1
343,U8,2010FRW1,26,197,85,2,196.250355524074,2010,2010,1
344,U8,2010FRW1,26,171,90,1,171,2010,2010,1
345,U8,2010FRW1,26,37,90,2,37,2010,2010,1
346,U8,2010FRW1,26,37,90,2,37,2010,2010,1
347,U8,2010FRW1,26,351,90,1,351,2010,2010,1
348,U8,2010FRW1,26,29,90,2,29,2010,2010,1
349,U8,2010FRW1,26,70,90,2,70,2010,2010,1
350,U8,2010FRW1,26,60,90,1,60,2010,2010,1
351,U8,2010FRW1,26,285,80,1,280.670209608479,2010,2010,1
352,U8,2010FRW1,26,223,78,1,218.126914963639,2010,2010,1
353,U8,2010FRW1,26,119,90,1,119,2010,2010,1
354,U8,2010FRW1,26,139,45,2,98.2878425849301,2010,2010,1
355,U8,2010FRW1,26,87,20,2,29.7557524693332,2010,2010,1
356,U8,2010FRW1,26,171,45,2,120.9152595829,2010,2010,1
357,U8,2010FRW1,26,216,85,1,215.178054787817,2010,2010,1
358,U8,2010FRW1,26,55,90,2,55,2010,2010,1
359,U8,2010FRW1,26,184,45,2,130.107647738325,2010,2010,1
360,U8,2010FRW1,26,124,45,1,87.6812408671319,2010,2010,1
361,U8,2010FRW1,26,94,65,3,85.1929319814451,2010,2010,1
362,U8,2010FRW1,26,23,90,1,23,2010,2010,1
363,U8,2010FRW1,26,88,5,2,7.66970536179392,2010,2010,1
364,U8,2010FRW1,26,35,45,1,24.7487373415292,2010,2010,1
365,U8,2010FRW1,26,45,90,1,45,2010,2010,1
366,U8,2010FRW1,26,116,25,1,49.0237183619211,2010,2010,1
367,U8,2010FRW1,26,112,85,1,111.573806186276,2010,2010,1
368,U8,2010FRW1,26,89,35,1,51.0483028352431,2010,2010,1
369,U8,2010FRW1,26,85,20,1,29.0717121826818,2010,2010,1
370,U8,2010FRW1,26,91,30,1,45.5,2010,2010,1
371,U8,2010FRW1,26,130,40,1,83.5623892592501,2010,2010,1
372,U8,2010FRW1,26,229,90,1,229,2010,2010,1
373,U8,2010FRW1,26,212,88,1,211.870855328048,2010,2010,1
374,U8,2010FRW1,26,43,85,1,42.8363720179451,2010,2010,1
375,U8,2010FRW1,26,49,90,2,49,2010,2010,1
376,U8,2010FRW1,26,49,45,1,34.6482322781408,2010,2010,1
377,U8,2010FRW1,26,22,50,2,16.8529777486175,2010,2010,1
378,U8,2010FRW1,26,146,65,1,132.320936907351,2010,2010,1
379,U8,2010FRW1,26,87,50,2,66.6458665513511,2010,2010,1
380,U8,2010FRW1,26,227,35,1,130.201851051687,2010,2010,1
381,U8,2010FRW1,26,94,60,1,81.4063879557372,2010,2010,1
382,U8,2010FRW1,26,146,60,1,126.439708952528,2010,2010,1
383,U8,2011FRE1,34,331,37,1,199.200772663328,2011,2011,1
384,U8,2011FRE1,34,23,80,2,22.6505783192808,2011,2011,1
385,U8,2011FRE1,34,256,86,2,255.376396866515,2011,2011,1
386,U8,2011FRE1,34,112,64,1,100.664933185507,2011,2011,1
387,U8,2011FRE1,34,68,50,2,52.0910221320905,2011,2011,1
388,U8,2011FRE1,34,183,76,1,177.564117908507,2011,2011,1
389,U8,2011FRE1,34,389,34,3,217.526039450121,2011,2011,1
390,U8,2011FRE1,34,62,78,2,60.6451512454959,2011,2011,1
391,U8,2011FRE1,34,89,78,1,87.0551364653087,2011,2011,1
392,U8,2011FRE1,34,436,87,2,435.402477152994,2011,2011,1
393,U8,2011FRE1,34,181,78,1,177.044715732819,2011,2011,1
394,U8,2011FRE1,34,225,36,3,132.251681765806,2011,2011,1
395,U8,2011FRE1,34,157,84,3,156.139937572819,2011,2011,1
396,U8,2011FRE1,34,163,84,2,162.107068945029,2011,2011,1
397,U8,2011FRE1,34,84,83,2,83.373876737871,2011,2011,1
398,U8,2011FRE1,34,104,82,2,102.987879149123,2011,2011,1
399,U8,2011FRE1,34,183,12,2,38.04783941965,2011,2011,1
400,U8,2011FRE1,34,90,58,1,76.3243286540783,2011,2011,1
401,U8,2011FRE1,34,79,65,1,71.5983151758954,2011,2011,1
402,U8,2011FRE1,34,66,82,1,65.3576925369436,2011,2011,1
403,U8,2011FRE1,34,277,12,2,57.5915383565193,2011,2011,1
404,U8,2011FRE1,34,433,8,2,60.2619527157083,2011,2011,1
405,U8,2011FRE1,34,161,26,1,70.5777546330415,2011,2011,1
406,U8,2011FRE1,34,292,81,1,288.40499545378,2011,2011,1
407,U8,2011FRE1,34,257,34,3,143.712576191982,2011,2011,1
408,U8,2011FRE1,34,263,11,1,50.1827657840313,2011,2011,1
409,U8,2011FRE1,34,189,47,3,138.225849606023,2011,2011,1
410,U8,2011FRE1,34,161,8,1,22.4068692545705,2011,2011,1
411,U8,2011FRE1,34,112,40,1,71.9922122848924,2011,2011,1
412,U8,2011FRE1,34,287,41,3,188.288941320276,2011,2011,1
413,U8,2011FRE1,34,163,75,4,157.445909685118,2011,2011,1
414,U8,2011FRE1,34,51,90,2,51,2011,2011,1
415,U8,2011FRE1,34,239,68,1,221.596941241462,2011,2011,1
416,U8,2011FRE1,34,282,45,1,199.404112294606,2011,2011,1
417,U8,2011FRE1,34,91,71,2,86.0421903795378,2011,2011,1
418,U8,2011FRE1,34,85,45,4,60.1040764008565,2011,2011,1
419,U8,2011FRE1,34,137,22,1,51.3211032979799,2011,2011,1
420,U8,2011FRE1,34,57,47,1,41.6871609922927,2011,2011,1
421,U8,2011FRE1,34,109,58,2,92.4372424810504,2011,2011,1
422,U8,2011FRE1,34,159,61,1,139.064533435164,2011,2011,1
423,U8,2011FRE1,34,185,29,1,89.6897797455724,2011,2011,1
424,U8,2011FRE1,34,113,82,1,111.900291767797,2011,2011,1
425,U8,2011FRE1,34,325,9,2,50.841201138075,2011,2011,1
426,U8,2011FRE1,34,365,11,1,69.6452833124388,2011,2011,1
427,U8,2011FRE1,34,35,50,1,26.8115555091642,2011,2011,1
428,U8,2011FRE1,34,420,16,2,115.76768944314,2011,2011,1
429,U8,2011FRE1,34,433,23,1,169.186578635856,2011,2011,1
430,U8,2011FRE1,34,365,13,4,82.1071348355107,2011,2011,1
431,U8,2011FRE1,34,426,59,3,365.1532700991,2011,2011,1
432,U8,2011FRE1,34,242,87,1,241.668347410607,2011,2011,1
433,U8,2011FRE1,34,405,6,1,42.3340276233996,2011,2011,1
434,U8,2011FRW1,26,280,31.5,5,146.299598120466,2011,2011,1
435,U8,2011FRW1,26,240,39,1,151.036893851961,2011,2011,1
436,U8,2011FRW1,26,70,85,1,69.7336288664222,2011,2011,1
437,U8,2011FRW1,26,230,5,3,20.0458208319614,2011,2011,1
438,U8,2011FRW1,26,230,8,2,32.009813220815,2011,2011,1
439,U8,2011FRW1,26,180,29,2,87.2657316443407,2011,2011,1
440,U8,2011FRW1,26,100,66,1,91.3545457642601,2011,2011,1
441,U8,2011FRW1,26,192,19,2,62.5090856557741,2011,2011,1
442,U8,2011FRW1,26,95,71,2,89.8242646819351,2011,2011,1
443,U8,2011FRW1,26,98,44,2,68.0765203049817,2011,2011,1
444,U8,2011FRW1,26,140,69,2,130.701259709608,2011,2011,1
445,U8,2011FRW1,26,126,50,2,96.5215998329912,2011,2011,1
446,U8,2011FRW1,26,278,25,1,117.487876763914,2011,2011,1
447,U8,2011FRW1,26,64,35,1,36.7088919264669,2011,2011,1
448,U8,2011FRW1,26,52,45,1,36.7695526217005,2011,2011,1
449,U8,2011FRW1,26,90,90,2,90,2011,2011,1
450,U8,2011FRW1,26,84,80,1,82.7238512530255,2011,2011,1
451,U8,2011FRW1,26,86,70,2,80.8135653875881,2011,2011,1
452,U8,2011FRW1,26,78,60,2,67.5499814951862,2011,2011,1
453,U8,2011FRW1,26,86,71,1,81.3145975015412,2011,2011,1
454,U8,2011FRW1,26,64,46,1,46.0377472216737,2011,2011,1
455,U8,2011FRW1,26,124,60,3,107.38715006927,2011,2011,1
456,U8,2011FRW1,26,118,77,1,114.975667644658,2011,2011,1
457,U8,2011FRW1,26,290,48,1,215.511999388444,2011,2011,1
458,U8,2011FRW1,26,300,14,3,72.5765686799003,2011,2011,1
459,U8,2011FRW1,26,296,60,1,256.343519520194,2011,2011,1
460,U8,2011FRW1,26,72,51,1,55.9545092249019,2011,2011,1
461,U8,2011FRW1,26,182,58,1,154.34475350047,2011,2011,1
462,U8,2011FRW1,26,226,41,1,148.269340551855,2011,2011,1
463,U8,2011FRW1,26,236,87,1,235.676570202079,2011,2011,1
464,U8,2011FRW1,26,108,57,1,90.5764213381058,2011,2011,1
465,U8,2012FRE1,34,134,55,3,109.766373934725,2012,2012,1
466,U8,2012FRE1,34,210,30,1,105,2012,2012,1
467,U8,2012FRE1,34,212,40,1,136.270973253546,2012,2012,1
468,U8,2012FRE1,34,68,75,1,65.6829561876566,2012,2012,1
469,U8,2012FRE1,34,272,80,1,267.867708819321,2012,2012,1
470,U8,2012FRE1,34,287,70,2,269.691782165556,2012,2012,1
471,U8,2012FRE1,34,220,60,1,190.525588832576,2012,2012,1
472,U8,2012FRE1,34,248,60,1,214.774300138541,2012,2012,1
473,U8,2012FRE1,34,218,65,1,197.57509757399,2012,2012,1
474,U8,2012FRE1,34,174,40,1,111.845044085458,2012,2012,1
475,U8,2012FRE1,34,193,30,1,96.5,2012,2012,1
476,U8,2012FRE1,34,224,20,2,76.6125121049498,2012,2012,1
477,U8,2012FRE1,34,294,15,1,76.0927992601411,2012,2012,1
478,U8,2012FRE1,34,134,80,1,131.964238903636,2012,2012,1
479,U8,2012FRE1,34,238,65,2,215.701253314723,2012,2012,1
480,U8,2012FRE1,34,204,40,2,131.128672376054,2012,2012,1
481,U8,2012FRE1,34,106,65,2,96.0686254258849,2012,2012,1
482,U8,2012FRE1,34,86,85,1,85.6727440358901,2012,2012,1
483,U8,2012FRE1,34,54,90,2,54,2012,2012,1
484,U8,2012FRE1,34,48,55,1,39.3192981258716,2012,2012,1
485,U8,2012FRE1,34,162,85,1,161.383541090863,2012,2012,1
486,U8,2012FRE1,34,114,30,6,57,2012,2012,1
487,U8,2012FRE1,34,58,65,2,52.5658516481257,2012,2012,1
488,U8,2012FRE1,34,290,80,2,285.59424837354,2012,2012,1
489,U8,2012FRE1,34,32,75,4,30.9096264412502,2012,2012,1
490,U8,2012FRE1,34,40,60,1,34.6410161513775,2012,2012,1
491,U8,2012FRE1,34,320,70,1,300.701638651491,2012,2012,1
492,U8,2012FRE1,34,226,50,2,173.126044144889,2012,2012,1
493,U8,2012FRE1,34,82,40,1,52.7085839942962,2012,2012,1
494,U8,2012FRE1,34,54,53,2,43.1263175425538,2012,2012,1
495,U8,2012FRE1,34,84,22,1,31.4669538469366,2012,2012,1
496,U8,2012FRE1,34,56,85,2,55.7869030931378,2012,2012,1
497,U8,2012FRE1,34,66,63,1,58.8064305964323,2012,2012,1
498,U8,2012FRE1,34,62,84,1,61.6603575128329,2012,2012,1
499,U8,2012FRE1,34,108,37,4,64.9960225004212,2012,2012,1
500,U8,2012FRE1,34,50,85,1,49.8097349045873,2012,2012,1
501,U8,2012FRE1,34,186,5,1,16.2109681510644,2012,2012,1
502,U8,2012FRE1,34,186,41,1,122.026979392234,2012,2012,1
503,U8,2012FRE1,34,60,90,2,60,2012,2012,1
504,U8,2012FRE1,34,130,38,2,80.0359917923356,2012,2012,1
505,U8,2012FRE1,34,124,65,4,112.382165592545,2012,2012,1
506,U8,2012FRE1,34,90,89,1,89.9862925640752,2012,2012,1
507,U8,2012FRE1,34,294,48,1,218.484578690354,2012,2012,1
508,U8,2012FRE1,34,70,33,1,38.1247324510519,2012,2012,1
509,U8,2012FRE1,34,104,40,1,66.8499114074001,2012,2012,1
510,U8,2012FRE1,34,62,60,1,53.6935750346352,2012,2012,1
511,U8,2012FRE1,34,106,89,4,105.983855686577,2012,2012,1
512,U8,2012FRE1,34,134,79,2,131.538042581987,2012,2012,1
513,U8,2012FRE1,34,112,50,1,85.7969776293255,2012,2012,1
514,U8,2012FRE1,34,126,52,2,99.289354954447,2012,2012,1
515,U8,2012FRE1,34,126,72,1,119.833121053189,2012,2012,1
516,U8,2012FRE1,34,90,56,1,74.6133815299538,2012,2012,1
517,U8,2012FRE1,34,136,81,1,134.325614320939,2012,2012,1
518,U8,2012FRW1,26,104,10,2,18.0594104773608,2012,2012,1
519,U8,2012FRW1,26,228,63,3,203.149487514948,2012,2012,1
520,U8,2012FRW1,26,160,54,1,129.442719099992,2012,2012,1
521,U8,2012FRW1,26,150,66,1,137.03181864639,2012,2012,1
522,U8,2012FRW1,26,206,23,2,80.4906124687904,2012,2012,1
523,U8,2012FRW1,26,220,29,2,106.658116454194,2012,2012,1
524,U8,2012FRW1,26,300,19,1,97.670446337147,2012,2012,1
525,U8,2012FRW1,26,214,72,1,203.526094487163,2012,2012,1
526,U8,2012FRW1,26,106,63,1,94.446691563967,2012,2012,1
527,U8,2012FRW1,26,258,11,1,49.2287208071486,2012,2012,1
528,U8,2012FRW1,26,266,44,1,184.779126542093,2012,2012,1
529,U8,2012FRW1,26,140,48,1,104.040275566835,2012,2012,1
530,U8,2012FRW1,26,156,59,3,133.71809890953,2012,2012,1
531,U8,2012FRW1,26,74,25,3,31.2737513688118,2012,2012,1
532,U8,2012FRW1,26,52,67,1,47.8662523795269,2012,2012,1
533,U8,2012FRW1,26,34,89,1,33.9948216353173,2012,2012,1
534,U8,2012FRW1,26,158,83,1,156.822291959329,2012,2012,1
535,U8,2012FRW1,26,214,56,2,177.414040526779,2012,2012,1
536,U8,2012FRW1,26,210,78,1,205.410996154099,2012,2012,1
537,U8,2012FRW1,26,160,60,1,138.56406460551,2012,2012,1
538,U8,2012FRW1,26,164,57,3,137.54197314305,2012,2012,1
539,U8,2012FRW1,26,58,1,1,1.01223957336244,2012,2012,1
540,U8,2012FRW1,26,94,47,1,68.747247952202,2012,2012,1
541,U8,2012FRW1,26,234,44,2,162.550058687405,2012,2012,1
542,U8,2012FRW1,26,234,38,1,144.064785226204,2012,2012,1
543,U8,2012FRW1,26,174,85,1,173.337877467964,2012,2012,1
544,U8,2012FRW1,26,226,39,1,142.226408377263,2012,2012,1
545,U8,2012FRW1,26,65,80,1,64.0125039457935,2012,2012,1
546,U8,2012FRW1,26,40,75,1,38.6370330515627,2012,2012,1
547,U8,2012FRW1,26,104,31,2,53.5639597906456,2012,2012,1
548,U8,2012FRW1,26,142,63,2,126.522926434748,2012,2012,1
549,U8,2012FRW1,26,80,41,1,52.4847223192406,2012,2012,1
550,U8,2012FRW1,26,340,30,1,170,2012,2012,1
551,U8,2012FRW1,26,215,87,1,214.705349972233,2012,2012,1
552,U8,2012FRW1,26,214,30,1,107,2012,2012,1
553,U8,2012FRW1,26,230,16,3,63.3965918379098,2012,2012,1
554,U8,2012FRW1,26,106,21,1,37.9870026518018,2012,2012,1
555,U8,2012FRW1,26,256,88,3,255.844051716889,2012,2012,1
556,U8,2013FRE1,34,222,20,2,75.9284718182984,2013,2013,1
557,U8,2013FRE1,34,210,50,3,160.869333054985,2013,2013,1
558,U8,2013FRE1,34,300,85,1,298.858409427524,2013,2013,1
559,U8,2013FRE1,34,190,55,2,155.638888414908,2013,2013,1
560,U8,2013FRE1,34,84,50,3,64.3477332219941,2013,2013,1
561,U8,2013FRE1,34,28,82,1,27.727505924764,2013,2013,1
562,U8,2013FRE1,34,220,40,1,141.413274131039,2013,2013,1
563,U8,2013FRE1,34,66,30,1,33,2013,2013,1
564,U8,2013FRE1,34,190,2,1,6.63090437347518,2013,2013,1
565,U8,2013FRE1,34,150,321,2,94.3980586574757,2013,2013,1
566,U8,2013FRE1,34,206,35,2,118.156745888315,2013,2013,1
567,U8,2013FRE1,34,224,48,1,166.464440906936,2013,2013,1
568,U8,2013FRE1,34,194,72,2,184.50496416126,2013,2013,1
569,U8,2013FRE1,34,66,34,2,36.9067316290693,2013,2013,1
570,U8,2013FRE1,34,64,62,1,56.5086459429713,2013,2013,1
571,U8,2013FRE1,34,62,60,2,53.6935750346352,2013,2013,1
572,U8,2013FRE1,34,200,25,2,84.5236523481399,2013,2013,1
573,U8,2013FRE1,34,60,80,1,59.0884651807325,2013,2013,1
574,U8,2013FRE1,34,126,50,1,96.5215998329912,2013,2013,1
575,U8,2013FRE1,34,76,60,1,65.8179306876173,2013,2013,1
576,U8,2013FRE1,34,120,5,2,10.458689129719,2013,2013,1
577,U8,2013FRE1,34,120,69,2,112.029651179664,2013,2013,1
578,U8,2013FRE1,34,56,35,1,32.1202804356586,2013,2013,1
579,U8,2013FRE1,34,148,40,1,95.1325662336078,2013,2013,1
580,U8,2013FRE1,34,58,55,1,47.5108185687615,2013,2013,1
581,U8,2013FRE1,34,246,40,2,158.125751982889,2013,2013,1
582,U8,2013FRE1,34,220,83,3,218.360153361091,2013,2013,1
583,U8,2013FRE1,34,294,75,3,283.982192928986,2013,2013,1
584,U8,2013FRE1,34,152,75,2,146.820725595938,2013,2013,1
585,U8,2013FRE1,34,82,80,1,80.7542357470011,2013,2013,1
586,U8,2013FRE1,34,134,90,1,134,2013,2013,1
587,U8,2013FRE1,34,154,40,2,98.989291891727,2013,2013,1
588,U8,2013FRE1,34,105,38,1,64.6444549091941,2013,2013,1
589,U8,2013FRE1,34,126,57,2,105.672491561123,2013,2013,1
590,U8,2013FRE1,34,68,80,1,66.9669272048301,2013,2013,1
591,U8,2013FRE1,34,96,70,1,90.2104915954472,2013,2013,1
592,U8,2013FRE1,34,48,80,1,47.270772144586,2013,2013,1
593,U8,2013FRE1,34,120,21,2,43.004153945436,2013,2013,1
594,U8,2013FRE1,34,60,83,2,59.5527690984793,2013,2013,1
595,U8,2013FRE1,34,202,78,2,197.585815348229,2013,2013,1
596,U8,2013FRE1,34,108,82,2,106.94895142409,2013,2013,1
597,U8,2013FRE1,34,280,52,1,220.643011009882,2013,2013,1
598,U8,2013FRE1,34,30,28,1,14.0841468835767,2013,2013,1
599,U8,2013FRE1,34,120,94,1,119.707686031179,2013,2013,1
600,U8,2013FRE1,34,190,43,2,129.579688411875,2013,2013,1
601,U8,2013FRE1,34,94,28,1,44.1303269018737,2013,2013,1
602,U8,2013FRE1,34,86,69,1,80.2879166787593,2013,2013,1
603,U8,2013FRE1,34,58,86,2,57.8587149150698,2013,2013,1
604,U8,2013FRE1,34,284,81,1,280.503488729019,2013,2013,1
605,U8,2013FRE1,34,170,30,2,85,2013,2013,1
606,U8,2013FRE1,34,76,20,2,25.9935308927508,2013,2013,1
607,U8,2013FRE1,34,140,80,3,137.873085421709,2013,2013,1
608,U8,2013FRE1,34,254,78,1,248.449490586387,2013,2013,1
609,U8,2013FRE1,34,68,61,1,59.4741400854789,2013,2013,1
610,U8,2013FRE1,34,102,20,1,34.8860546192182,2013,2013,1
611,U8,2013FRE1,34,68,93,1,67.906808363311,2013,2013,1
612,U8,2013FRE1,34,106,69,4,98.9595252087034,2013,2013,1
613,U8,2013FRE1,34,106,51,1,82.3774719144389,2013,2013,1
614,U8,2013FRE1,34,172,2,3,6.00271343283017,2013,2013,1
615,U8,2013FRE1,34,74,7,1,9.01833141198091,2013,2013,1
616,U8,2013FRE1,34,108,33,6,58.8210157816229,2013,2013,1
617,U8,2013FRE1,34,69,75,1,66.6488820139457,2013,2013,1
618,U8,2013FRE1,34,26,73,2,24.8639236550389,2013,2013,1
619,U8,2013FRE1,34,156,87,2,155.786207421714,2013,2013,1
620,U8,2013FRE1,34,79,58,1,66.9957995963577,2013,2013,1
621,U8,2013FRE1,34,92,79,1,90.3097008771851,2013,2013,1
622,U8,2013FRE1,34,40,72,1,38.0422606518061,2013,2013,1
623,U8,2013FRE1,34,72,75,1,69.5466594928129,2013,2013,1
624,U8,2013FRW1,26,76,53,1,60.6962987635943,2013,2013,1
625,U8,2013FRW1,26,22,80,2,21.6657705662686,2013,2013,1
626,U8,2013FRW1,26,96,71,3,90.7697832575344,2013,2013,1
627,U8,2013FRW1,26,208,20,2,71.1401898117391,2013,2013,1
628,U8,2013FRW1,26,232,10,3,40.2863772187278,2013,2013,1
629,U8,2013FRW1,26,105,47,1,76.7921386700129,2013,2013,1
630,U8,2013FRW1,26,118,5,1,10.2843776442237,2013,2013,1
631,U8,2013FRW1,26,132,85,2,131.49770014811,2013,2013,1
632,U8,2013FRW1,26,190,23,3,74.238914412962,2013,2013,1
633,U8,2013FRW1,26,220,72,2,209.232433584934,2013,2013,1
634,U8,2013FRW1,26,178,10,4,30.9093756247136,2013,2013,1
635,U8,2013FRW1,26,178,50,2,136.355910875178,2013,2013,1
636,U8,2013FRW1,26,300,68,4,278.155156370036,2013,2013,1
637,U8,2013FRW1,26,48,43,1,32.7359212829999,2013,2013,1
638,U8,2013FRW1,26,112,80,2,110.298468337367,2013,2013,1
639,U8,2013FRW1,26,176,60,1,152.420471066061,2013,2013,1
640,U8,2013FRW1,26,155,50,1,118.736888683442,2013,2013,1
641,U8,2013FRW1,26,186,19,2,60.5556767290311,2013,2013,1
642,U8,2013FRW1,26,76,80,2,74.8453892289278,2013,2013,1
643,U8,2013FRW1,26,70,13,3,15.7465738040706,2013,2013,1
644,U8,2013FRW1,26,170,40,1,109.273893646712,2013,2013,1
645,U8,2013FRW1,26,96,30,2,48,2013,2013,1
646,U8,2013FRW1,26,250,30,1,125,2013,2013,1
647,U8,2013FRW1,26,126,58,1,106.85406011571,2013,2013,1
648,U8,2013FRW1,26,200,85,2,199.238939618349,2013,2013,1
649,U8,2013FRW1,26,138,32,3,73.1288584641823,2013,2013,1
650,U8,2013FRW1,26,164,80,1,161.508471494002,2013,2013,1
651,U8,2013FRW1,26,132,30,1,66,2013,2013,1
652,U8,2013FRW1,26,214,22,1,80.1658109910052,2013,2013,1
653,U8,2013FRW1,26,115,90,1,115,2013,2013,1
654,U8,2013FRW1,26,186,38,1,114.513034410572,2013,2013,1
655,U8,2014FRE1,34,214,38,3,131.751555719691,2014,2014,1
656,U8,2014FRE1,34,68,70,2,63.8990982134418,2014,2014,1
657,U8,2014FRE1,34,126,82,3,124.773776661438,2014,2014,1
658,U8,2014FRE1,34,34,50,2,26.0455110660453,2014,2014,1
659,U8,2014FRE1,34,63,55,1,51.6065787902065,2014,2014,1
660,U8,2014FRE1,34,226,83,1,224.315430270939,2014,2014,1
661,U8,2014FRE1,34,113,74,2,108.62257164103,2014,2014,1
662,U8,2014FRE1,34,143,75,1,138.127393159337,2014,2014,1
663,U8,2014FRE1,34,153,74,1,147.073039478563,2014,2014,1
664,U8,2014FRE1,34,172,80,1,169.3869335181,2014,2014,1
665,U8,2014FRE1,34,74,82,2,73.2798370868762,2014,2014,1
666,U8,2014FRE1,34,370,20,2,126.547453030497,2014,2014,1
667,U8,2014FRE1,34,368,61,3,321.860052227298,2014,2014,1
668,U8,2014FRE1,34,136,60,1,117.779454914684,2014,2014,1
669,U8,2014FRE1,34,235,14,4,56.8516454659219,2014,2014,1
670,U8,2014FRE1,34,58,37,1,34.9052713428188,2014,2014,1
671,U8,2014FRE1,34,107,15,2,27.6936378259697,2014,2014,1
672,U8,2014FRE1,34,94,73,1,89.8926470605253,2014,2014,1
673,U8,2014FRE1,34,146,74,2,140.344207606995,2014,2014,1
674,U8,2014FRE1,34,62,89,4,61.9905570996963,2014,2014,1
675,U8,2014FRE1,34,202,33,2,110.017085073035,2014,2014,1
676,U8,2014FRE1,34,245,66,2,223.818637122437,2014,2014,1
677,U8,2014FRE1,34,308,40,1,197.978583783454,2014,2014,1
678,U8,2014FRE1,34,514,92,2,513.686885087815,2014,2014,1
679,U8,2014FRE1,34,338,90,4,338,2014,2014,1
680,U8,2014FRE1,34,237,90,2,237,2014,2014,1
681,U8,2014FRE1,34,171,90,1,171,2014,2014,1
682,U8,2014FRE1,34,220,10,1,38.2025990867247,2014,2014,1
683,U8,2014FRE1,34,192,45,1,135.764501987817,2014,2014,1
684,U8,2014FRE1,34,104,20,1,35.5700949058695,2014,2014,1
685,U8,2014FRE1,34,89,60,2,77.076260936815,2014,2014,1
686,U8,2014FRE1,34,92,74,2,88.4360760263253,2014,2014,1
687,U8,2014FRE1,34,113,0,2,0,2014,2014,1
688,U8,2014FRE1,34,128,75,2,123.638505765001,2014,2014,1
689,U8,2014FRE1,34,125,63,1,111.375815523546,2014,2014,1
690,U8,2014FRE1,34,173,34,1,96.7403723004392,2014,2014,1
691,U8,2014FRE1,34,200,90,1,200,2014,2014,1
692,U8,2014FRE1,34,107,70,1,100.547110424092,2014,2014,1
693,U8,2014FRE1,34,175,55,2,143.351607750574,2014,2014,1
694,U8,2014FRE1,34,211,75,2,203.810349346993,2014,2014,1
695,U8,2014FRE1,34,204,25,3,86.2141253951027,2014,2014,1
696,U8,2014FRE1,34,265,50,1,203.001777426529,2014,2014,1
697,U8,2014FRE1,34,191,85,1,190.273187335523,2014,2014,1
698,U8,2014FRE1,34,131,34,1,73.2542703546678,2014,2014,1
699,U8,2014FRE1,34,115,40,1,73.920575113952,2014,2014,1
700,U8,2014FRE1,34,72,70,1,67.6578686965854,2014,2014,1
701,U8,2014FRE1,34,121,75,1,116.877024980977,2014,2014,1
702,U8,2014FRE1,34,282,60,2,244.219163867212,2014,2014,1
703,U8,2014FRE1,34,40,22,1,14.9842637366365,2014,2014,1
704,U8,2014FRE1,34,117,25,1,49.4463366236618,2014,2014,1
705,U8,2014FRE1,34,101,76,1,97.9998683538756,2014,2014,1
706,U8,2014FRE1,34,117,50,1,89.6271998449204,2014,2014,1
707,U8,2014FRE1,34,48,25,1,20.2856765635536,2014,2014,1
708,U8,2014FRE1,34,326,35,1,186.985918250441,2014,2014,1
709,U8,2014FRE1,34,65,65,3,58.9100061573822,2014,2014,1
710,U8,2014FRE1,34,78,78,2,76.2955128572368,2014,2014,1
711,U8,2014FRE1,34,60,60,4,51.9615242270663,2014,2014,1
712,U8,2014FRW1,26,314,74,2,301.836172524632,2014,2014,1
713,U8,2014FRW1,26,505,30,1,252.5,2014,2014,1
714,U8,2014FRW1,26,181,25,6,76.4939053750666,2014,2014,1
715,U8,2014FRW1,26,231,7,2,28.1518183265891,2014,2014,1
716,U8,2014FRW1,26,191,45,2,135.057395206631,2014,2014,1
717,U8,2014FRW1,26,131,80,3,129.009815644599,2014,2014,1
718,U8,2014FRW1,26,140,40,1,89.9902653561155,2014,2014,1
719,U8,2014FRW1,26,162,55,2,132.702631174817,2014,2014,1
720,U8,2014FRW1,26,167,10,1,28.9992456703774,2014,2014,1
721,U8,2014FRW1,26,104,88,2,103.936646009986,2014,2014,1
722,U8,2014FRW1,26,104,65,3,94.2560098518116,2014,2014,1
723,U8,2014FRW1,26,51,32,1,27.0258824758935,2014,2014,1
724,U8,2014FRW1,26,39,85,1,38.8515932255781,2014,2014,1
725,U8,2014FRW1,26,198,70,2,186.05913891561,2014,2014,1
726,U8,2014FRW1,26,277,20,1,94.7395797012102,2014,2014,1
727,U8,2014FRW1,26,376,88,2,375.77095095918,2014,2014,1
728,U8,2014FRW1,26,64,45,1,45.254833995939,2014,2014,1
729,U8,2014FRW1,26,243,70,1,228.345306850976,2014,2014,1
730,U8,2014FRW1,26,113,50,4,86.5630220724445,2014,2014,1
731,U8,2014FRW1,26,56,89,1,55.9914709287579,2014,2014,1
732,U8,2014FRW1,26,41,80,3,40.3771178735005,2014,2014,1
733,U8,2014FRW1,26,40,75,2,38.6370330515627,2014,2014,1
734,U8,2014FRW1,26,180,50,1,137.887999761416,2014,2014,1
735,U8,2014FRW1,26,140,78,2,136.940664102733,2014,2014,1
736,U8,2015FRE1,34,197,80,4,194.007127343405,2015,2015,1
737,U8,2015FRE1,34,289,63,1,257.500885490438,2015,2015,1
738,U8,2015FRE1,34,263,74,3,252.811826031778,2015,2015,1
739,U8,2015FRE1,34,240,80,1,236.35386072293,2015,2015,1
740,U8,2015FRE1,34,317,35,2,181.823730323282,2015,2015,1
741,U8,2015FRE1,34,48,88,1,47.9707596969166,2015,2015,1
742,U8,2015FRE1,34,168,0,2,0,2015,2015,1
743,U8,2015FRE1,34,129,22,1,48.3242505506526,2015,2015,1
744,U8,2015FRE1,34,62,68,1,57.4853989831408,2015,2015,1
745,U8,2015FRE1,34,48,87,1,47.9342176682195,2015,2015,1
746,U8,2015FRE1,34,86,54,3,69.5754615162455,2015,2015,1
747,U8,2015FRE1,34,387,13,3,87.0560580310758,2015,2015,1
748,U8,2015FRE1,34,78,0,1,0,2015,2015,1
749,U8,2015FRE1,34,61,65,2,55.2847750092356,2015,2015,1
750,U8,2015FRE1,34,187,10,2,32.472209223716,2015,2015,1
751,U8,2015FRE1,34,189,82,1,187.160664992157,2015,2015,1
752,U8,2015FRE1,34,138,28,1,64.7870756644529,2015,2015,1
753,U8,2015FRE1,34,214,38,2,131.751555719691,2015,2015,1
754,U8,2015FRE1,34,208,44,1,144.488941055471,2015,2015,1
755,U8,2015FRE1,34,33,71,1,31.2021129947775,2015,2015,1
756,U8,2015FRE1,34,182,78,3,178.022863333553,2015,2015,1
757,U8,2015FRE1,34,72,73,1,68.8539424293385,2015,2015,1
758,U8,2015FRE1,34,92,34,3,51.4457471193087,2015,2015,1
759,U8,2015FRE1,34,154,60,2,133.367912182804,2015,2015,1
760,U8,2015FRE1,34,76,0,3,0,2015,2015,1
761,U8,2015FRE1,34,94,25,1,39.7261166036257,2015,2015,1
762,U8,2015FRE1,34,79,32,2,41.8636218744232,2015,2015,1
763,U8,2015FRE1,34,83,0,1,0,2015,2015,1
764,U8,2015FRE1,34,114,53,1,91.0444481453914,2015,2015,1
765,U8,2015FRE1,34,311,54,3,251.604285250609,2015,2015,1
766,U8,2015FRE1,34,345,30,1,172.5,2015,2015,1
767,U8,2015FRE1,34,187,84,1,185.975594433867,2015,2015,1
768,U8,2015FRE1,34,77,79,1,75.5852931254701,2015,2015,1
769,U8,2015FRE1,34,345,47,2,252.317027058614,2015,2015,1
770,U8,2015FRE1,34,89,72,1,84.6440299502687,2015,2015,1
771,U8,2015FRE1,34,271,40,1,174.195442225052,2015,2015,1
772,U8,2015FRE1,34,246,70,1,231.164384713333,2015,2015,1
773,U8,2015FRE1,34,48,62,1,42.3814844572285,2015,2015,1
774,U8,2015FRE1,34,102,90,1,102,2015,2015,1
775,U8,2015FRE1,34,132,90,2,132,2015,2015,1
776,U8,2015FRE1,34,110,85,1,109.581416790092,2015,2015,1
777,U8,2015FRE1,34,188,65,1,170.38586396289,2015,2015,1
778,U8,2015FRE1,34,226,82,2,223.800583535595,2015,2015,1
779,U8,2015FRE1,34,298,54,1,241.087064323734,2015,2015,1
780,U8,2015FRE1,34,132,88,1,131.919589166521,2015,2015,1
781,U8,2015FRE1,34,222,35,1,127.333968869932,2015,2015,1
782,U8,2015FRE1,34,192,30,1,96,2015,2015,1
783,U8,2015FRE1,34,265,15,1,68.587046952168,2015,2015,1
784,U8,2015FRE1,34,171,16,5,47.1339878447069,2015,2015,1
785,U8,2015FRE1,34,296,37,2,178.137246853006,2015,2015,1
786,U8,2015FRE1,34,253,37,1,152.259200857468,2015,2015,1
787,U8,2015FRE1,34,145,85,2,144.448231223303,2015,2015,1
788,U8,2015FRE1,34,119,65,1,107.850626657361,2015,2015,1
789,U8,2015FRE1,34,127,39,3,79.9236896633294,2015,2015,1
790,U8,2015FRE1,34,56,57,1,46.9655518049437,2015,2015,1
791,U8,2015FRE1,34,97,57,1,81.3510450907061,2015,2015,1
792,U8,2015FRE1,34,122,35,4,69.9763252348276,2015,2015,1
793,U8,2015FRE1,34,126,50,2,96.5215998329912,2015,2015,1
794,U8,2015FRE1,34,241,71,1,227.869976719435,2015,2015,1
795,U8,2015FRE1,34,219,72,2,208.281377068639,2015,2015,1
796,U8,2015FRE1,34,49,5,1,4.27063139463525,2015,2015,1
797,U8,2015FRE1,34,116,5,1,10.1100661587283,2015,2015,1
798,U8,2015FRE1,34,68,87,1,67.906808363311,2015,2015,1
799,U8,2015FRE1,34,144,87,1,143.802653004659,2015,2015,1
800,U8,2015FRE1,34,189,35,2,108.405946470348,2015,2015,1
801,U8,2015FRE1,34,124,52,2,97.7133334472335,2015,2015,1
802,U8,2015FRE1,34,53,84,2,52.7096604545185,2015,2015,1
803,U8,2015FRW1,26,64,30,1,32,2015,2015,1
804,U8,2015FRW1,26,146,80,1,143.781931939782,2015,2015,1
805,U8,2015FRW1,26,30,75,1,28.9777747886721,2015,2015,1
806,U8,2015FRW1,26,192,70,1,180.420983190894,2015,2015,1
807,U8,2015FRW1,26,85,74,3,81.7072441547571,2015,2015,1
808,U8,2015FRW1,26,112,80,2,110.298468337367,2015,2015,1
809,U8,2015FRW1,26,162,5,1,14.1192303251206,2015,2015,1
810,U8,2015FRW1,26,193,25,1,81.565324515955,2015,2015,1
811,U8,2015FRW1,26,197,5,1,17.1696813212887,2015,2015,1
812,U8,2015FRW1,26,332,55,1,271.958478703945,2015,2015,1
813,U8,2015FRW1,26,49,60,2,42.4352447854375,2015,2015,1
814,U8,2015FRW1,26,415,50,1,317.908443894376,2015,2015,1
815,U8,2015FRW1,26,60,90,1,60,2015,2015,1
816,U8,2015FRW1,26,98,50,1,75.0723554256599,2015,2015,1
817,U8,2015FRW1,26,496,80,3,488.464645494055,2015,2015,1
818,U8,2015FRW1,26,138,30,1,69,2015,2015,1
819,U8,2015FRW1,26,249,50,2,190.745066336626,2015,2015,1
820,U8,2015FRW1,26,366,65,2,331.708650055414,2015,2015,1
821,U8,2015FRW1,26,294,80,3,289.533479385589,2015,2015,1
822,U8,2015FRW1,26,564,75,1,544.782166027035,2015,2015,1
823,U8,2015FRW1,26,208,60,1,180.133283987163,2015,2015,1
824,U8,2015FRW1,26,325,25,2,137.350935065727,2015,2015,1
825,U8,2015FRW1,26,176,40,1,113.130619304831,2015,2015,1
826,U8,2015FRW1,26,109,45,1,77.0746391493337,2015,2015,1
827,U8,2015FRW1,26,71,50,2,54.3891554614474,2015,2015,1
828,U8,2015FRW1,26,96,90,1,96,2015,2015,1
829,U8,2015FRW1,26,84,70,1,78.9341801460163,2015,2015,1
830,U8,2015FRW1,26,124,10,1,21.5323740306994,2015,2015,1
831,U8,2015FRW1,26,160,40,1,102.846017549846,2015,2015,1
832,U8,2015FRW1,26,15,70,1,14.0953893117886,2015,2015,1
833,U8,2015FRW1,26,256,50,3,196.107377438458,2015,2015,1
834,U8,2015FRW1,26,145,50,3,111.076444252252,2015,2015,1
835,U8,2015FRW1,26,101,80,1,99.465583054233,2015,2015,1
836,U8,2015FRW1,26,146,80,2,143.781931939782,2015,2015,1
837,U8,2015FRW1,26,205,55,1,167.926169079243,2015,2015,1
838,U8,2015FRW1,26,165,30,1,82.5,2015,2015,1
839,U8,2015FRW1,26,181,80,1,178.25020329521,2015,2015,1
840,U8,2015FRW1,26,37,60,2,32.0429399400242,2015,2015,1
841,U8,2016FRE1,34,240,45,3,169.705627484771,2016,2016,1
842,U8,2016FRE1,34,186,45,1,131.521861300698,2016,2016,1
843,U8,2016FRE1,34,67,45,1,47.3761543394987,2016,2016,1
844,U8,2016FRE1,34,46,54,1,37.2147817412476,2016,2016,1
845,U8,2016FRE1,34,185,40,2,118.91570779201,2016,2016,1
846,U8,2016FRE1,34,96,68,2,89.0096500384116,2016,2016,1
847,U8,2016FRE1,34,52,70,1,48.8640162808672,2016,2016,1
848,U8,2016FRE1,34,86,10,2,14.933743279356,2016,2016,1
849,U8,2016FRE1,34,220,85,1,219.162833580184,2016,2016,1
850,U8,2016FRE1,34,287,80,1,282.639825114504,2016,2016,1
851,U8,2016FRE1,34,83,88,2,82.949438642585,2016,2016,1
852,U8,2016FRE1,34,40,50,2,30.6417777247591,2016,2016,1
853,U8,2016FRE1,34,73,68,2,67.6844213833755,2016,2016,1
854,U8,2016FRE1,34,120,60,1,103.923048454133,2016,2016,1
855,U8,2016FRE1,34,288,80,1,283.624632867516,2016,2016,1
856,U8,2016FRE1,34,78,85,2,77.7031864511562,2016,2016,1
857,U8,2016FRE1,34,40,75,2,38.6370330515627,2016,2016,1
858,U8,2016FRE1,34,177,52,4,139.47790338839,2016,2016,1
859,U8,2016FRE1,34,140,30,1,70,2016,2016,1
860,U8,2016FRE1,34,100,85,2,99.6194698091746,2016,2016,1
861,U8,2016FRE1,34,200,15,1,51.7638090205041,2016,2016,1
862,U8,2016FRE1,34,164,43,2,111.84773105025,2016,2016,1
863,U8,2016FRE1,34,87,74,1,83.6297675466337,2016,2016,1
864,U8,2016FRE1,34,61,85,1,60.7678765835965,2016,2016,1
865,U8,2016FRE1,34,188,0,1,0,2016,2016,1
866,U8,2016FRE1,34,135,50,1,103.415999821062,2016,2016,1
867,U8,2016FRE1,34,128,70,3,120.280655460596,2016,2016,1
868,U8,2016FRE1,34,177,80,3,174.310972283161,2016,2016,1
869,U8,2016FRE1,34,239,35,2,137.0847682879,2016,2016,1
870,U8,2016FRE1,34,240,18,1,74.1640786499874,2016,2016,1
871,U8,2016FRE1,34,50,55,1,40.9576022144496,2016,2016,1
872,U8,2016FRE1,34,204,65,1,184.886788555477,2016,2016,1
873,U8,2016FRE1,34,38,45,2,26.8700576850888,2016,2016,1
874,U8,2016FRE1,34,179,70,1,168.204979120678,2016,2016,1
875,U8,2016FRE1,34,143,65,1,129.602013546241,2016,2016,1
876,U8,2016FRE1,34,111,83,1,110.172622832187,2016,2016,1
877,U8,2016FRE1,34,300,42,2,200.739181907657,2016,2016,1
878,U8,2016FRE1,34,212,84,2,210.838641818074,2016,2016,1
879,U8,2016FRE1,34,68,35,1,39.0031976718711,2016,2016,1
880,U8,2016FRE1,34,35,70,1,32.8892417275068,2016,2016,1
881,U8,2016FRE1,34,239,30,2,119.5,2016,2016,1
882,U8,2016FRE1,34,261,24,2,106.158263842784,2016,2016,1
883,U8,2016FRE1,34,120,85,1,119.543363771009,2016,2016,1
884,U8,2016FRE1,34,47,50,1,36.004088826592,2016,2016,1
885,U8,2016FRE1,34,227,71,1,214.632716661045,2016,2016,1
886,U8,2016FRE1,34,138,74,2,132.654114039488,2016,2016,1
887,U8,2016FRE1,34,124,35,1,71.1234781075297,2016,2016,1
888,U8,2016FRE1,34,92,55,2,75.3619880745872,2016,2016,1
889,U8,2016FRE1,34,145,81,5,143.214809386295,2016,2016,1
890,U8,2016FRE1,34,182,90,1,182,2016,2016,1
891,U8,2016FRE1,34,217,42,1,145.201341579872,2016,2016,1
892,U8,2016FRW1,26,109,80,1,107.344045078331,2016,2016,1
893,U8,2016FRW1,26,161,80,1,158.554048234965,2016,2016,1
894,U8,2016FRW1,26,200,83,2,198.509230328264,2016,2016,1
895,U8,2016FRW1,26,292,75,1,282.050341276408,2016,2016,1
896,U8,2016FRW1,26,92,42,2,61.560015785015,2016,2016,1
897,U8,2016FRW1,26,125,40,5,80.3484512108174,2016,2016,1
898,U8,2016FRW1,26,342,80,1,336.804251530175,2016,2016,1
899,U8,2016FRW1,26,176,80,1,173.326164530149,2016,2016,1
900,U8,2016FRW1,26,25,80,1,24.6201938253052,2016,2016,1
901,U8,2016FRW1,26,47,85,1,46.821150810312,2016,2016,1
902,U8,2016FRW1,26,91,5,1,7.93117259003689,2016,2016,1
903,U8,2016FRW1,26,119,45,2,84.1457069611992,2016,2016,1
904,U8,2016FRW1,26,98,60,1,84.870489570875,2016,2016,1
905,U8,2016FRW1,26,121,60,2,104.789073857917,2016,2016,1
906,U8,2016FRW1,26,115,5,1,10.0229104159807,2016,2016,1
907,U8,2016FRW1,26,83,65,1,75.2235463240419,2016,2016,1
908,U8,2016FRW1,26,183,85,1,182.303629750789,2016,2016,1
909,U8,2016FRW1,26,32,50,1,24.5134221798073,2016,2016,1
910,U8,2016FRW1,26,235,0,1,0,2016,2016,1
911,U8,2016FRW1,26,37,90,1,37,2016,2016,1
912,U8,2016FRW1,26,90,85,2,89.6575228282571,2016,2016,1
913,U8,2016FRW1,26,217,35,2,124.466086688177,2016,2016,1
914,U8,2016FRW1,26,282,85,1,280.926904861872,2016,2016,1
915,U8,2016FRW1,26,152,10,2,26.3945230053734,2016,2016,1
916,U8,2016FRW1,26,135,30,1,67.5,2016,2016,1
917,U8,2016FRW1,26,75,50,3,57.4533332339234,2016,2016,1
918,U8,2016FRW1,26,210,25,4,88.7498349655469,2016,2016,1
919,U8,2016FRW1,26,75,85,1,74.7146023568809,2016,2016,1
920,U8,2016FRW1,26,123,25,3,51.982046194106,2016,2016,1
921,U8,2016FRW1,26,73,90,2,73,2016,2016,1
922,U8,2016FRW1,26,128,75,1,123.638505765001,2016,2016,1
923,U8,2016FRW1,26,108,35,1,61.946255125913,2016,2016,1
924,U8,2016FRW1,26,123,80,2,121.131353620502,2016,2016,1
925,U8,2016FRW1,26,78,90,1,78,2016,2016,1
926,U8,2016FRW1,26,186,30,1,93,2016,2016,1
927,U8,2016FRW1,26,74,80,1,72.8757737229034,2016,2016,1
928,U8,2016FRW1,26,165,85,1,164.372125185138,2016,2016,1
929,U8,2016FRW1,26,252,90,1,252,2016,2016,1
930,U8,2017FRE1,17,72,34,1,40.2618890498938,2017,2017,1
931,U8,2017FRE1,17,154,51,1,119.680478064374,2017,2017,1
932,U8,2017FRE1,17,172,85,2,171.34548807178,2017,2017,1
933,U8,2017FRE1,17,241,80,2,237.338668475942,2017,2017,1
934,U8,2017FRE1,17,53,89,1,52.9919278432887,2017,2017,1
935,U8,2017FRE1,17,196,55,2,160.553800680642,2017,2017,1
936,U8,2017FRE1,17,104,50,3,79.6686220843737,2017,2017,1
937,U8,2017FRE1,17,121,80,1,119.161738114477,2017,2017,1
938,U8,2017FRE1,17,209,60,1,180.999309390948,2017,2017,1
939,U8,2017FRE1,17,179,25,1,75.6486688515852,2017,2017,1
940,U8,2017FRE1,17,96,20,1,32.8339337592642,2017,2017,1
941,U8,2017FRE1,17,182,33,2,99.1243043727349,2017,2017,1
942,U8,2017FRE1,17,91,25,4,38.4582618184036,2017,2017,1
943,U8,2017FRE1,17,67,65,1,60.7226217314555,2017,2017,1
944,U8,2017FRE1,17,242,60,2,209.578147715834,2017,2017,1
945,U8,2017FRE1,17,49,35,1,28.1052453812013,2017,2017,1
946,U8,2017FRE1,17,210,35,1,120.45105163372,2017,2017,1
947,U8,2017FRE1,17,86,60,1,74.4781847254617,2017,2017,1
948,U8,2017FRE1,17,146,45,1,103.237590053236,2017,2017,1
949,U8,2017FRE1,17,269,40,1,172.909867005679,2017,2017,1
950,U8,2017FRE1,17,250,22,3,93.651648353978,2017,2017,1
951,U8,2017FRE1,17,177,50,2,135.589866432059,2017,2017,1
952,U8,2017FRE1,17,35,80,2,34.4682713554273,2017,2017,1
953,U8,2017FRE1,17,56,61,3,48.9787035998062,2017,2017,1
954,U8,2017FRE1,17,105,89,1,104.984007991421,2017,2017,1
955,U8,2017FRE1,17,124,80,1,122.116161373514,2017,2017,1
956,U8,2017FRE1,17,130,75,2,125.570357417579,2017,2017,1
957,U8,2017FRE1,17,82,80,2,80.7542357470011,2017,2017,1
958,U8,2017FRE1,17,83,90,1,83,2017,2017,1
959,U8,2017FRE1,17,213,83,1,211.412330299602,2017,2017,1
960,U8,2017FRE1,17,178,40,2,114.416194524204,2017,2017,1
961,U8,2017FRE1,17,115,25,1,48.6011001001804,2017,2017,1
962,U8,2017FRE1,17,85,65,2,77.0361618981152,2017,2017,1
963,U8,2017FRE1,17,79,75,1,76.3081402768364,2017,2017,1
964,U8,2017FRE1,17,85,35,2,48.7539970898389,2017,2017,1
965,U8,2017FRE1,17,145,36,1,85.2288615824086,2017,2017,1
966,U8,2017FRE1,17,124,5,1,10.8073121007096,2017,2017,1
967,U8,2017FRE1,17,186,85,2,185.292213845065,2017,2017,1
968,U8,2017FRE1,17,157,17,2,45.9023576414697,2017,2017,1
969,U8,2017FRE1,17,208,60,1,180.133283987163,2017,2017,1
970,U8,2017FRE1,17,56,85,1,55.7869030931378,2017,2017,1
971,U8,2017FRE1,17,71,82,1,70.3090328806515,2017,2017,1
972,U8,2017FRE1,17,112,60,2,96.9948452238571,2017,2017,1
973,U8,2017FRE1,17,54,78,1,52.8199704396255,2017,2017,1
974,U8,2017FRE1,17,55,77,1,53.5903535631879,2017,2017,1
975,U8,2017FRE1,17,196,53,2,156.532559969269,2017,2017,1
976,U8,2017FRE1,17,268,80,1,263.928477807272,2017,2017,1
977,U8,2017FRE1,17,281,65,1,254.672488157299,2017,2017,1
978,U8,2017FRW1,13,150,67,1,138.075728017866,2017,2017,1
979,U8,2017FRW1,13,171,5,2,14.9036320098495,2017,2017,1
980,U8,2017FRW1,13,130,10,1,22.5742630967009,2017,2017,1
981,U8,2017FRW1,13,129,70,1,121.220348081382,2017,2017,1
982,U8,2017FRW1,13,375,45,3,265.165042944955,2017,2017,1
983,U8,2017FRW1,13,240,50,4,183.850666348555,2017,2017,1
984,U8,2017FRW1,13,270,50,4,206.831999642124,2017,2017,1
985,U8,2017FRW1,13,122,75,2,117.842950807266,2017,2017,1
986,U8,2017FRW1,13,348,80,2,342.713098048248,2017,2017,1
987,U8,2017FRW1,13,168,20,2,57.4593840787123,2017,2017,1
988,U8,2017FRW1,13,223,75,1,215.401459262462,2017,2017,1
989,U8,2017FRW1,13,236,40,2,151.697875886023,2017,2017,1
990,U8,2017FRW1,13,230,76,2,223.168017043479,2017,2017,1
991,U8,2017FRW1,13,83,73,2,79.3732947449319,2017,2017,1
992,U8,2017FRW1,13,153,0,1,0,2017,2017,1
993,U8,2017FRW1,13,161,54,2,130.251736094367,2017,2017,1
994,U8,2017FRW1,13,66,0,1,0,2017,2017,1
995,U8,2017FRW1,13,455,15,3,117.762665521647,2017,2017,1
996,U8,2017FRW1,13,34,26,2,14.9046189908286,2017,2017,1
997,U8,2017FRW1,13,106,66,1,96.8358185101157,2017,2017,1
998,U8,2017FRW1,13,92,56,1,76.2714566750638,2017,2017,1
999,U8,2017FRW1,13,145,18,1,44.8074641843674,2017,2017,1
1000,U8,2017FRW1,13,145,36,2,85.2288615824086,2017,2017,1
1001,U8,2017FRW1,13,145,40,1,93.2042034045482,2017,2017,1
1002,U8,2017FRW1,13,97,16,1,26.7368235142489,2017,2017,1
1003,U8,2017FRW1,13,94,4,1,6.55710853194778,2017,2017,1
1004,U8,2017FRW1,13,104,3,1,5.44293944926616,2017,2017,1
1005,U8,2017FRW1,13,122,16,1,33.6277574096739,2017,2017,1
1006,U8,2017FRW1,13,138,33,1,75.1601868320737,2017,2017,1
1007,U8,2017FRW1,13,103,20,1,35.2280747625439,2017,2017,1
1008,U8,2018FRE1,17,210,6,3,21.9509772862072,2018,2018,1
1009,U8,2018FRE1,17,172,72,1,163.581720802766,2018,2018,1
1010,U8,2018FRE1,17,79,15,2,20.4467045630991,2018,2018,1
1011,U8,2018FRE1,17,77,75,1,74.3762886242583,2018,2018,1
1012,U8,2018FRE1,17,148,84,1,147.189240514504,2018,2018,1
1013,U8,2018FRE1,17,138,46,1,99.2688924467338,2018,2018,1
1014,U8,2018FRE1,17,194,25,4,81.9879427776957,2018,2018,1
1015,U8,2018FRE1,17,147,88,1,146.910451571807,2018,2018,1
1016,U8,2018FRE1,17,205,83,2,203.471961086471,2018,2018,1
1017,U8,2018FRE1,17,275,73,1,262.983807889835,2018,2018,1
1018,U8,2018FRE1,17,64,56,1,53.0584046435227,2018,2018,1
1019,U8,2018FRE1,17,72,12,4,14.9696417388787,2018,2018,1
1020,U8,2018FRE1,17,149,21,1,53.3968244822497,2018,2018,1
1021,U8,2018FRE1,17,143,18,1,44.1894301956175,2018,2018,1
1022,U8,2018FRE1,17,115,65,1,104.225395509215,2018,2018,1
1023,U8,2018FRE1,17,125,28,1,58.6839453482363,2018,2018,1
1024,U8,2018FRE1,17,114,12,1,23.7019327532246,2018,2018,1
1025,U8,2018FRE1,17,65,36,1,38.2060413990108,2018,2018,1
1026,U8,2018FRE1,17,114,44,4,79.1910542323257,2018,2018,1
1027,U8,2018FRE1,17,58,72,1,55.1612779451189,2018,2018,1
1028,U8,2018FRE1,17,110,70,1,103.36618828645,2018,2018,1
1029,U8,2018FRE1,17,118,82,3,116.851632111505,2018,2018,1
1030,U8,2018FRE1,17,105,75,1,101.422211760352,2018,2018,1
1031,U8,2018FRE1,17,85,44,3,59.0459614890148,2018,2018,1
1032,U8,2018FRE1,17,134,68,1,124.24263651195,2018,2018,1
1033,U8,2018FRE1,17,114,83,3,113.150261287111,2018,2018,1
1034,U8,2018FRE1,17,100,49,1,75.4709580222772,2018,2018,1
1035,U8,2018FRE1,17,132,43,2,90.0237835282498,2018,2018,1
1036,U8,2018FRE1,17,142,70,2,133.436352151599,2018,2018,1
1037,U8,2018FRE1,17,102,47,2,74.5980775651554,2018,2018,1
1038,U8,2018FRE1,17,149,74,2,143.22799269481,2018,2018,1
1039,U8,2018FRE1,17,90,78,2,88.0332840660425,2018,2018,1
1040,U8,2018FRE1,17,265,45,3,187.383297014435,2018,2018,1
1041,U8,2018FRE1,17,266,43,1,181.411563776625,2018,2018,1
1042,U8,2018FRE1,17,308,45,1,217.788888605457,2018,2018,1
1043,U8,2018FRE1,17,20,90,1,20,2018,2018,1
1044,U8,2018FRE1,17,57,32,1,30.2053980612927,2018,2018,1
1045,U8,2018FRE1,17,189,57,4,158.508737341685,2018,2018,1
1046,U8,2018FRE1,17,315,71,2,297.838351313785,2018,2018,1
1047,U8,2018FRE1,17,315,88,1,314.808110511015,2018,2018,1
1048,U8,2018FRE1,17,178,78,2,174.110272930617,2018,2018,1
1049,U8,2018FRE1,17,81,81,1,80.0027555882062,2018,2018,1
1050,U8,2018FRE1,17,108,8,3,15.0306949036871,2018,2018,1
1051,U8,2018FRE1,17,267,50,2,204.533866312767,2018,2018,1
1052,U8,2018FRE1,17,204,15,4,52.7990852009142,2018,2018,1
1053,U8,2018FRE1,17,263,88,1,262.839787506022,2018,2018,1
1054,U8,2018FRE1,17,132,28,2,61.9702462877376,2018,2018,1
1055,U8,2018FRE1,17,70,70,3,65.7784834550136,2018,2018,1
1056,U8,2018FRE1,17,259,57,2,217.215677097865,2018,2018,1
1057,U8,2018FRE1,17,273,42,1,182.672655535968,2018,2018,1
1058,U8,2018FRE1,17,93,76,4,90.2375025436677,2018,2018,1
1059,U8,2018FRE1,17,306,70,4,287.545941960488,2018,2018,1
1060,U8,2018FRE1,17,148,43,2,100.93575728925,2018,2018,1
1061,U8,2018FRW1,13,60,80,1,59.0884651807325,2018,2018,1
1062,U8,2018FRW1,13,155,60,2,134.233937586588,2018,2018,1
1063,U8,2018FRW1,13,114,80,1,112.268083843392,2018,2018,1
1064,U8,2018FRW1,13,342,10,3,59.3876767620902,2018,2018,1
1065,U8,2018FRW1,13,117,84,1,116.359061758088,2018,2018,1
1066,U8,2018FRW1,13,44,74,1,42.295514621286,2018,2018,1
1067,U8,2018FRW1,13,226,58,1,191.658869731352,2018,2018,1
1068,U8,2018FRW1,13,326,90,1,326,2018,2018,1
1069,U8,2018FRW1,13,121,82,4,119.82243631773,2018,2018,1
1070,U8,2018FRW1,13,146,52,2,115.049570026581,2018,2018,1
1071,U8,2018FRW1,13,86,70,2,80.8135653875881,2018,2018,1
1072,U8,2018FRW1,13,196,70,1,184.179753674038,2018,2018,1
1073,U8,2018FRW1,13,203,90,3,203,2018,2018,1
1074,U8,2018FRW1,13,69,70,1,64.8387908342277,2018,2018,1
1075,U8,2018FRW1,13,43,70,1,40.4067826937941,2018,2018,1
1076,U8,2018FRW1,13,142,20,1,48.566860352245,2018,2018,1
1077,U8,2018FRW1,13,191,52,3,150.510053938884,2018,2018,1
1078,U8,2018FRW1,13,278,20,10,95.0815998445359,2018,2018,1
1079,U8,2018FRW1,13,243,12,1,50.5225408687155,2018,2018,1
1080,U8,2019FRE1,17,67,90,1,67,2019,2019,1
1081,U8,2019FRE1,17,96,60,2,83.1384387633061,2019,2019,1
1082,U8,2019FRE1,17,107,70,1,100.547110424092,2019,2019,1
1083,U8,2019FRE1,17,57,80,2,56.1340419216959,2019,2019,1
1084,U8,2019FRE1,17,67,85,1,66.745044772147,2019,2019,1
1085,U8,2019FRE1,17,161,15,1,41.6698662615058,2019,2019,1
1086,U8,2019FRE1,17,40,90,1,40,2019,2019,1
1087,U8,2019FRE1,17,152,90,2,152,2019,2019,1
1088,U8,2019FRE1,17,163,10,1,28.3046529597096,2019,2019,1
1089,U8,2019FRE1,17,121,80,1,119.161738114477,2019,2019,1
1090,U8,2019FRE1,17,139,90,1,139,2019,2019,1
1091,U8,2019FRE1,17,156,20,3,53.3551423588043,2019,2019,1
1092,U8,2019FRE1,17,32,75,1,30.9096264412502,2019,2019,1
1093,U8,2019FRE1,17,59,29,1,28.6037675945339,2019,2019,1
1094,U8,2019FRE1,17,349,35,2,200.178176286515,2019,2019,1
1095,U8,2019FRE1,17,39,35,1,22.3694810176908,2019,2019,1
1096,U8,2019FRE1,17,75,68,1,69.5387890925091,2019,2019,1
1097,U8,2019FRE1,17,131,70,1,123.099733322954,2019,2019,1
1098,U8,2019FRE1,17,212,25,3,89.5950714890283,2019,2019,1
1099,U8,2019FRE1,17,96,50,2,73.5402665394219,2019,2019,1
1100,U8,2019FRE1,17,95,35,1,54.4897614533494,2019,2019,1
1101,U8,2019FRE1,17,54,55,3,44.2342103916056,2019,2019,1
1102,U8,2019FRE1,17,345,80,1,339.758674789212,2019,2019,1
1103,U8,2019FRE1,17,394,72,1,374.71626742029,2019,2019,1
1104,U8,2019FRE1,17,298,34,2,166.639485234283,2019,2019,1
1105,U8,2019FRE1,17,72,55,1,58.9789471888074,2019,2019,1
1106,U8,2019FRE1,17,161,60,2,139.430090009295,2019,2019,1
1107,U8,2019FRE1,17,180,75,1,173.866648732032,2019,2019,1
1108,U8,2019FRE1,17,194,85,2,193.261771429799,2019,2019,1
1109,U8,2019FRE1,17,265,55,2,217.075291736583,2019,2019,1
1110,U8,2019FRE1,17,70,55,1,57.3406431002294,2019,2019,1
1111,U8,2019FRE1,17,268,60,1,232.09480821423,2019,2019,1
1112,U8,2019FRE1,17,99,20,1,33.8599941892412,2019,2019,1
1113,U8,2019FRE1,17,91,90,3,91,2019,2019,1
1114,U8,2019FRE1,17,241,73,2,230.469446187092,2019,2019,1
1115,U8,2019FRE1,17,126,47,2,92.1505664040155,2019,2019,1
1116,U8,2019FRE1,17,144,45,2,101.823376490863,2019,2019,1
1117,U8,2019FRW1,13,425,5,1,37.0411906677547,2019,2019,1
1118,U8,2019FRW1,13,233,46,1,167.606173478906,2019,2019,1
1119,U8,2019FRW1,13,160,71,1,151.282972095891,2019,2019,1
1120,U8,2019FRW1,13,160,90,1,160,2019,2019,1
1121,U8,2019FRW1,13,136,84,4,135.254977770085,2019,2019,1
1122,U8,2019FRW1,13,142,25,2,60.0117931671793,2019,2019,1
1123,U8,2019FRW1,13,196,25,1,82.8331793011771,2019,2019,1
1124,U8,2019FRW1,13,183,15,1,47.3638852537613,2019,2019,1
1125,U8,2019FRW1,13,214,76,2,207.643285423063,2019,2019,1
1126,U8,2019FRW1,13,204,48,1,151.601544397388,2019,2019,1
1127,U8,2019FRW1,13,147,67,1,135.314213457509,2019,2019,1
1128,U8,2019FRW1,13,97,27,1,44.037078474736,2019,2019,1
1129,U8,2019FRW1,13,251,13,1,56.4627146403101,2019,2019,1
1130,U8,2019FRW1,13,70,64,2,62.9155832409417,2019,2019,1
1131,U8,2019FRW1,13,277,90,4,277,2019,2019,1
1132,U8,2019FRW1,13,154,70,4,144.71266360103,2019,2019,1
1133,U8,2019FRW1,13,35,70,1,32.8892417275068,2019,2019,1
1134,U8,2019FRW1,13,215,53,1,171.706634660168,2019,2019,1
1135,U8,2019FRW1,13,185,5,1,16.1238124083168,2019,2019,1
1136,U8,2019FRW1,13,185,40,1,118.91570779201,2019,2019,1
1137,U8,2019FRW1,13,249,50,1,190.745066336626,2019,2019,1
1138,U8,2019FRW1,13,170,27,2,77.1783849557229,2019,2019,1
1139,U8,2019FRW1,13,102,37,1,61.3851323615089,2019,2019,1
1140,U8,2019FRW1,13,25,80,1,24.6201938253052,2019,2019,1
1141,U8,2019FRW1,13,92,5,1,8.01832833278455,2019,2019,1
1142,U8,2020FRE1,17,300,244,1,269.63821388975,2020,2020,1
1143,U8,2020FRE1,17,140,306,1,113.262379212493,2020,2020,1
1144,U8,2020FRE1,17,53,30,2,26.5,2020,2020,1
1145,U8,2020FRE1,17,117,73,1,111.887656447675,2020,2020,1
1146,U8,2020FRE1,17,142,215,1,81.4478539618485,2020,2020,1
1147,U8,2020FRE1,17,88,218,3,54.1782098286579,2020,2020,1
1148,U8,2020FRE1,17,368,287,1,351.920150194397,2020,2020,1
1149,U8,2020FRE1,17,405,273,1,404.444961575602,2020,2020,1
1150,U8,2020FRE1,17,340,20,1,116.286848730727,2020,2020,1
1151,U8,2020FRE1,17,279,42,1,186.687439174121,2020,2020,1
1152,U8,2020FRE1,17,287,293,1,264.18489294085,2020,2020,1
1153,U8,2020FRE1,17,244,277,1,242.181261000483,2020,2020,1
1154,U8,2020FRE1,17,151,262,1,149.530478379977,2020,2020,1
1155,U8,2020FRE1,17,202,2,1,7.0496983339052,2020,2020,1
1156,U8,2020FRE1,17,34,3,1,1.77942251226009,2020,2020,1
1157,U8,2020FRE1,17,69,23,2,26.9604478657599,2020,2020,1
1158,U8,2020FRE1,17,120,54,2,97.0820393249937,2020,2020,1
1159,U8,2020FRE1,17,118,84,1,117.353583653456,2020,2020,1
1160,U8,2020FRE1,17,330,99,1,325.937152396395,2020,2020,1
1161,U8,2020FRE1,17,79,106,1,75.9396739791272,2020,2020,1
1162,U8,2020FRE1,17,52,88,2,51.968323004993,2020,2020,1
1163,U8,2020FRE1,17,42,99,1,41.4829103049958,2020,2020,1
1164,U8,2020FRE1,17,63,2,1,2.19866829225756,2020,2020,1
1165,U8,2020FRE1,17,108,328,2,57.2312805371862,2020,2020,1
1166,U8,2020FRE1,17,249,33,2,135.615119718742,2020,2020,1
1167,U8,2020FRE1,17,101,359,2,1.76269305016573,2020,2020,1
1168,U8,2020FRE1,17,77,317,2,52.5138737248124,2020,2020,1
1169,U8,2020FRE1,17,152,179,2,2.65276577846708,2020,2020,1
1170,U8,2020FRE1,17,178,245,2,161.322786092524,2020,2020,1
1171,U8,2020FRE1,17,70,173,1,8.53085403836033,2020,2020,1
1172,U8,2020FRE1,17,48,24,2,19.5233588676384,2020,2020,1
1173,U8,2020FRE1,17,18,360,1,4.40858287376056e-15,2020,2020,1
1174,U8,2020FRE1,17,57,335,1,24.0892409192199,2020,2020,1
1175,U8,2020FRE1,17,100,91,1,99.9847695156391,2020,2020,1
1176,U8,2020FRE1,17,35,60,1,30.3108891324554,2020,2020,1
1177,U8,2020FRE1,17,202,37,2,121.566634676714,2020,2020,1
1178,U8,2020FRE1,17,198,356,1,13.8117818013367,2020,2020,1
1179,U8,2020FRE1,17,240,281,1,235.590524027439,2020,2020,1
1180,U8,2020FRE1,17,246,313,4,179.913010598316,2020,2020,1
1181,U8,2020FRE1,17,270,47,3,197.465499437176,2020,2020,1
1182,U8,2020FRE1,17,74,33,1,40.303288591112,2020,2020,1
1183,U8,2020FRE1,17,52,341,1,16.9295440317722,2020,2020,1
1184,U8,2020FRE1,17,209,52,1,164.694247503805,2020,2020,1
1185,U8,2020FRE1,17,144,130,1,110.310399809133,2020,2020,1
1186,U8,2020FRW1,13,92,150,1,46,2020,2020,1
1187,U8,2020FRW1,13,75,245,3,67.9730840277487,2020,2020,1
1188,U8,2020FRW1,13,291,85,2,289.892657144698,2020,2020,1
1189,U8,2020FRW1,13,254,70,3,238.681925679621,2020,2020,1
1190,U8,2020FRW1,13,145,330,2,72.5000000000001,2020,2020,1
1191,U8,2020FRW1,13,135,300,4,116.913429510899,2020,2020,1
1192,U8,2020FRW1,13,310,255,3,299.437006149611,2020,2020,1
1193,U8,2020FRW1,13,223,245,2,202.106636509173,2020,2020,1
1194,U8,2020FRW1,13,385,235,1,315.373537051262,2020,2020,1
1195,U8,2020FRW1,13,235,245,1,212.982329953613,2020,2020,1
1196,U8,2020FRW1,13,61,320,2,39.2100441908789,2020,2020,1
1197,U8,2020FRW1,13,309,305,1,253.117981685298,2020,2020,1
1198,U8,2020FRW1,13,319,297,3,284.231081216089,2020,2020,1
1199,U8,2020FRW1,13,152,318,1,101.707852166546,2020,2020,1
1200,U8,2020FRW1,13,188,305,1,154.00058432633,2020,2020,1
1201,U8,2020FRW1,13,198,296,1,177.961221167235,2020,2020,1
1202,U8,2020FRW1,13,96,355,1,8.3669513037752,2020,2020,1
1203,U8,2020FRW1,13,297,88,1,296.819075624671,2020,2020,1
1204,U8,2020FRW1,13,306,65,1,277.330182833215,2020,2020,1
1205,U8,2020FRW1,13,158,118,2,139.50571967171,2020,2020,1
1206,U8,2020FRW1,13,315,62,2,278.128491750562,2020,2020,1
1207,U8,2020FRW1,13,104,263,1,103.224799770698,2020,2020,1
1208,U8,2020FRW1,13,103,35,2,59.0783729441577,2020,2020,1
1209,U8,2020FRW1,13,275,265,2,273.95354197523,2020,2020,1
1210,U8,2020FRW1,13,180,266,1,179.561529046768,2020,2020,1
